position,name,year,artists,rating,poster,moive_link
1,Planet Earth II,(2016),David Attenborough,9.5,"https://m.media-amazon.com/images/M/MV5BZWYxODViMGYtMGE2ZC00ZGQ3LThhMWUtYTVkNGE3OWU4NWRkL2ltYWdlL2ltYWdlXkEyXkFqcGdeQXVyMjYwNDA2MDE@._V1_UX45_CR0,0,45,67_AL_.jpg",/title/tt5491994/?pf_rd_m=A2FGELUUNOQJNL&pf_rd_p=12230b0e-0e00-43ed-9e59-8d5353703cce&pf_rd_r=843TAJFVZW5N5QCWQMQ1&pf_rd_s=center-1&pf_rd_t=15506&pf_rd_i=toptv&ref_=chttvtp_tt_1
2,Planet Earth,(2006),"David Attenborough, Sigourney Weaver",9.4,"https://m.media-amazon.com/images/M/MV5BNmZlYzIzMTItY2EzYS00YTEyLTg0ZjEtMDMzZjM3ODdhN2UzXkEyXkFqcGdeQXVyNjI0MDg2NzE@._V1_UX45_CR0,0,45,67_AL_.jpg",/title/tt0795176/?pf_rd_m=A2FGELUUNOQJNL&pf_rd_p=12230b0e-0e00-43ed-9e59-8d5353703cce&pf_rd_r=843TAJFVZW5N5QCWQMQ1&pf_rd_s=center-1&pf_rd_t=15506&pf_rd_i=toptv&ref_=chttvtp_tt_2
3,Band of Brothers,(2001),"Scott Grimes, Damian Lewis",9.4,"https://m.media-amazon.com/images/M/MV5BMTI3ODc2ODc0M15BMl5BanBnXkFtZTYwMjgzNjc3._V1_UX45_CR0,0,45,67_AL_.jpg",/title/tt0185906/?pf_rd_m=A2FGELUUNOQJNL&pf_rd_p=12230b0e-0e00-43ed-9e59-8d5353703cce&pf_rd_r=843TAJFVZW5N5QCWQMQ1&pf_rd_s=center-1&pf_rd_t=15506&pf_rd_i=toptv&ref_=chttvtp_tt_3
4,Breaking Bad,(2008),"Bryan Cranston, Aaron Paul",9.4,"https://m.media-amazon.com/images/M/MV5BMjhiMzgxZTctNDc1Ni00OTIxLTlhMTYtZTA3ZWFkODRkNmE2XkEyXkFqcGdeQXVyNzkwMjQ5NzM@._V1_UY67_CR1,0,45,67_AL_.jpg",/title/tt0903747/?pf_rd_m=A2FGELUUNOQJNL&pf_rd_p=12230b0e-0e00-43ed-9e59-8d5353703cce&pf_rd_r=843TAJFVZW5N5QCWQMQ1&pf_rd_s=center-1&pf_rd_t=15506&pf_rd_i=toptv&ref_=chttvtp_tt_4
5,Chernobyl,(2019),"Jessie Buckley, Jared Harris",9.3,"https://m.media-amazon.com/images/M/MV5BZGQ2YmMxZmEtYjI5OS00NzlkLTlkNTEtYWMyMzkyMzc2MDU5XkEyXkFqcGdeQXVyMzQ2MDI5NjU@._V1_UX45_CR0,0,45,67_AL_.jpg",/title/tt7366338/?pf_rd_m=A2FGELUUNOQJNL&pf_rd_p=12230b0e-0e00-43ed-9e59-8d5353703cce&pf_rd_r=843TAJFVZW5N5QCWQMQ1&pf_rd_s=center-1&pf_rd_t=15506&pf_rd_i=toptv&ref_=chttvtp_tt_5
6,The Wire,(2002),"Dominic West, Lance Reddick",9.3,"https://m.media-amazon.com/images/M/MV5BNTllYzFhMjAtZjExNS00MjM4LWE5YmMtOGFiZGRlOTU5YzJiXkEyXkFqcGdeQXVyNDIzMzcwNjc@._V1_UX45_CR0,0,45,67_AL_.jpg",/title/tt0306414/?pf_rd_m=A2FGELUUNOQJNL&pf_rd_p=12230b0e-0e00-43ed-9e59-8d5353703cce&pf_rd_r=843TAJFVZW5N5QCWQMQ1&pf_rd_s=center-1&pf_rd_t=15506&pf_rd_i=toptv&ref_=chttvtp_tt_6
7,Blue Planet II,(2017),"David Attenborough, Peter Drost",9.3,"https://m.media-amazon.com/images/M/MV5BYjg2ODk0MjUtNmMzZS00MjY0LWI1YWMtN2JhMjRmZGUwY2I3XkEyXkFqcGdeQXVyMTMxODk2OTU@._V1_UY67_CR1,0,45,67_AL_.jpg",/title/tt6769208/?pf_rd_m=A2FGELUUNOQJNL&pf_rd_p=12230b0e-0e00-43ed-9e59-8d5353703cce&pf_rd_r=843TAJFVZW5N5QCWQMQ1&pf_rd_s=center-1&pf_rd_t=15506&pf_rd_i=toptv&ref_=chttvtp_tt_7
8,Our Planet,(2019),David Attenborough,9.3,"https://m.media-amazon.com/images/M/MV5BN2I1ZjA5YjQtYmQ0ZS00ZmE1LTk1ZjktNTQ5ODIzY2JiZDdhXkEyXkFqcGdeQXVyNjg2NjQwMDQ@._V1_UY67_CR0,0,45,67_AL_.jpg",/title/tt9253866/?pf_rd_m=A2FGELUUNOQJNL&pf_rd_p=12230b0e-0e00-43ed-9e59-8d5353703cce&pf_rd_r=843TAJFVZW5N5QCWQMQ1&pf_rd_s=center-1&pf_rd_t=15506&pf_rd_i=toptv&ref_=chttvtp_tt_8
9,Cosmos: A Spacetime Odyssey,(2014),"Neil deGrasse Tyson, Stoney Emshwiller",9.2,"https://m.media-amazon.com/images/M/MV5BZTk5OTQyZjYtMDk3Yy00YjhmLWE2MTYtZmY4NTg1YWUzZTQ0XkEyXkFqcGdeQXVyNTA4NzY1MzY@._V1_UY67_CR0,0,45,67_AL_.jpg",/title/tt2395695/?pf_rd_m=A2FGELUUNOQJNL&pf_rd_p=12230b0e-0e00-43ed-9e59-8d5353703cce&pf_rd_r=843TAJFVZW5N5QCWQMQ1&pf_rd_s=center-1&pf_rd_t=15506&pf_rd_i=toptv&ref_=chttvtp_tt_9
10,Cosmos,(1980),"Carl Sagan, Jaromír Hanzlík",9.2,"https://m.media-amazon.com/images/M/MV5BMTY4MGQyNjgtMzdmZS00MjQ5LWIyMzItYjYyZmQzNjVhYjMyXkEyXkFqcGdeQXVyNTA4NzY1MzY@._V1_UY67_CR1,0,45,67_AL_.jpg",/title/tt0081846/?pf_rd_m=A2FGELUUNOQJNL&pf_rd_p=12230b0e-0e00-43ed-9e59-8d5353703cce&pf_rd_r=843TAJFVZW5N5QCWQMQ1&pf_rd_s=center-1&pf_rd_t=15506&pf_rd_i=toptv&ref_=chttvtp_tt_10
11,Avatar: The Last Airbender,(2005),"Dee Bradley Baker, Zach Tyler",9.2,"https://m.media-amazon.com/images/M/MV5BODc5YTBhMTItMjhkNi00ZTIxLWI0YjAtNTZmOTY0YjRlZGQ0XkEyXkFqcGdeQXVyODUwNjEzMzg@._V1_UY67_CR0,0,45,67_AL_.jpg",/title/tt0417299/?pf_rd_m=A2FGELUUNOQJNL&pf_rd_p=12230b0e-0e00-43ed-9e59-8d5353703cce&pf_rd_r=843TAJFVZW5N5QCWQMQ1&pf_rd_s=center-1&pf_rd_t=15506&pf_rd_i=toptv&ref_=chttvtp_tt_11
12,Game of Thrones,(2011),"Emilia Clarke, Peter Dinklage",9.2,"https://m.media-amazon.com/images/M/MV5BYTRiNDQwYzAtMzVlZS00NTI5LWJjYjUtMzkwNTUzMWMxZTllXkEyXkFqcGdeQXVyNDIzMzcwNjc@._V1_UY67_CR2,0,45,67_AL_.jpg",/title/tt0944947/?pf_rd_m=A2FGELUUNOQJNL&pf_rd_p=12230b0e-0e00-43ed-9e59-8d5353703cce&pf_rd_r=843TAJFVZW5N5QCWQMQ1&pf_rd_s=center-1&pf_rd_t=15506&pf_rd_i=toptv&ref_=chttvtp_tt_12
13,The Sopranos,(1999),"James Gandolfini, Lorraine Bracco",9.2,"https://m.media-amazon.com/images/M/MV5BZGJjYzhjYTYtMDBjYy00OWU1LTg5OTYtNmYwOTZmZjE3ZDdhXkEyXkFqcGdeQXVyNTAyODkwOQ@@._V1_UY67_CR1,0,45,67_AL_.jpg",/title/tt0141842/?pf_rd_m=A2FGELUUNOQJNL&pf_rd_p=12230b0e-0e00-43ed-9e59-8d5353703cce&pf_rd_r=843TAJFVZW5N5QCWQMQ1&pf_rd_s=center-1&pf_rd_t=15506&pf_rd_i=toptv&ref_=chttvtp_tt_13
14,Rick and Morty,(2013),"Justin Roiland, Chris Parnell",9.2,"https://m.media-amazon.com/images/M/MV5BZjRjOTFkOTktZWUzMi00YzMyLThkMmYtMjEwNmQyNzliYTNmXkEyXkFqcGdeQXVyNzQ1ODk3MTQ@._V1_UX45_CR0,0,45,67_AL_.jpg",/title/tt2861424/?pf_rd_m=A2FGELUUNOQJNL&pf_rd_p=12230b0e-0e00-43ed-9e59-8d5353703cce&pf_rd_r=843TAJFVZW5N5QCWQMQ1&pf_rd_s=center-1&pf_rd_t=15506&pf_rd_i=toptv&ref_=chttvtp_tt_14
15,The World at War,(1973),"Laurence Olivier, Anthony Eden",9.1,"https://m.media-amazon.com/images/M/MV5BYzExN2NhZDctOWEzMy00NzYwLTg3MDktNjYyNTQyOWY4MGYwXkEyXkFqcGdeQXVyNTAyODkwOQ@@._V1_UY67_CR1,0,45,67_AL_.jpg",/title/tt0071075/?pf_rd_m=A2FGELUUNOQJNL&pf_rd_p=12230b0e-0e00-43ed-9e59-8d5353703cce&pf_rd_r=843TAJFVZW5N5QCWQMQ1&pf_rd_s=center-1&pf_rd_t=15506&pf_rd_i=toptv&ref_=chttvtp_tt_15
16,The Last Dance,(2020),"Phil Jackson, Michael Jordan",9.1,"https://m.media-amazon.com/images/M/MV5BY2U1ZTU4OWItNGU2MC00MTg1LTk4NzUtYTk3ODhjYjI0MzlmXkEyXkFqcGdeQXVyMTkxNjUyNQ@@._V1_UX45_CR0,0,45,67_AL_.jpg",/title/tt8420184/?pf_rd_m=A2FGELUUNOQJNL&pf_rd_p=12230b0e-0e00-43ed-9e59-8d5353703cce&pf_rd_r=843TAJFVZW5N5QCWQMQ1&pf_rd_s=center-1&pf_rd_t=15506&pf_rd_i=toptv&ref_=chttvtp_tt_16
17,Life,(2009),"Oprah Winfrey, David Attenborough",9.1,"https://m.media-amazon.com/images/M/MV5BNjJhMTAxZjYtNWZkYy00Nzg1LTlkYjItZTNhZWRjNzkxMDg3XkEyXkFqcGdeQXVyNTA4NzY1MzY@._V1_UY67_CR1,0,45,67_AL_.jpg",/title/tt1533395/?pf_rd_m=A2FGELUUNOQJNL&pf_rd_p=12230b0e-0e00-43ed-9e59-8d5353703cce&pf_rd_r=843TAJFVZW5N5QCWQMQ1&pf_rd_s=center-1&pf_rd_t=15506&pf_rd_i=toptv&ref_=chttvtp_tt_17
18,Scam 1992: The Harshad Mehta Story,(2020),"Pratik Gandhi, Shreya Dhanwanthary",9.1,"https://m.media-amazon.com/images/M/MV5BNjgxZTMxNmQtZGFkZS00NDUyLTllMzYtOTE0ZjdlMjM1ZWU0XkEyXkFqcGdeQXVyMTAyMTE1MDA1._V1_UX45_CR0,0,45,67_AL_.jpg",/title/tt12392504/?pf_rd_m=A2FGELUUNOQJNL&pf_rd_p=12230b0e-0e00-43ed-9e59-8d5353703cce&pf_rd_r=843TAJFVZW5N5QCWQMQ1&pf_rd_s=center-1&pf_rd_t=15506&pf_rd_i=toptv&ref_=chttvtp_tt_18
19,Fullmetal Alchemist: Brotherhood,(2009),"Kent Williams, Iemasa Kayumi",9.1,"https://m.media-amazon.com/images/M/MV5BZmEzN2YzOTItMDI5MS00MGU4LWI1NWQtOTg5ZThhNGQwYTEzXkEyXkFqcGdeQXVyNTA4NzY1MzY@._V1_UY67_CR1,0,45,67_AL_.jpg",/title/tt1355642/?pf_rd_m=A2FGELUUNOQJNL&pf_rd_p=12230b0e-0e00-43ed-9e59-8d5353703cce&pf_rd_r=843TAJFVZW5N5QCWQMQ1&pf_rd_s=center-1&pf_rd_t=15506&pf_rd_i=toptv&ref_=chttvtp_tt_19
20,The Vietnam War,(2017),"Peter Coyote, Huy Duc",9.0,"https://m.media-amazon.com/images/M/MV5BYWQ4ZGFhYmUtNDVhNC00N2VkLWIzYTQtOTk5ZTI1NWU2YjNlXkEyXkFqcGdeQXVyNTAyODkwOQ@@._V1_UY67_CR2,0,45,67_AL_.jpg",/title/tt1877514/?pf_rd_m=A2FGELUUNOQJNL&pf_rd_p=12230b0e-0e00-43ed-9e59-8d5353703cce&pf_rd_r=843TAJFVZW5N5QCWQMQ1&pf_rd_s=center-1&pf_rd_t=15506&pf_rd_i=toptv&ref_=chttvtp_tt_20
21,Clarkson's Farm,(2021),"Jeremy Clarkson, Kaleb Cooper",9.0,"https://m.media-amazon.com/images/M/MV5BZGNhMDBjY2EtOTg1ZC00NGYwLWJlZDgtMTUxYmQ3MmRiMWJjXkEyXkFqcGdeQXVyNTI4MzE4MDU@._V1_UY67_CR2,0,45,67_AL_.jpg",/title/tt10541088/?pf_rd_m=A2FGELUUNOQJNL&pf_rd_p=12230b0e-0e00-43ed-9e59-8d5353703cce&pf_rd_r=843TAJFVZW5N5QCWQMQ1&pf_rd_s=center-1&pf_rd_t=15506&pf_rd_i=toptv&ref_=chttvtp_tt_21
22,Sherlock,(2010),"Benedict Cumberbatch, Martin Freeman",9.0,"https://m.media-amazon.com/images/M/MV5BMWY3NTljMjEtYzRiMi00NWM2LTkzNjItZTVmZjE0MTdjMjJhL2ltYWdlL2ltYWdlXkEyXkFqcGdeQXVyNTQ4NTc5OTU@._V1_UY67_CR0,0,45,67_AL_.jpg",/title/tt1475582/?pf_rd_m=A2FGELUUNOQJNL&pf_rd_p=12230b0e-0e00-43ed-9e59-8d5353703cce&pf_rd_r=843TAJFVZW5N5QCWQMQ1&pf_rd_s=center-1&pf_rd_t=15506&pf_rd_i=toptv&ref_=chttvtp_tt_22
23,The Twilight Zone,(1959),"Rod Serling, Robert McCord",9.0,"https://m.media-amazon.com/images/M/MV5BNTAzMDI5MzgtMGNkMC00MzllLWJhNjctNjA1NmViNGUxMzYxXkEyXkFqcGdeQXVyMTQxNzMzNDI@._V1_UX45_CR0,0,45,67_AL_.jpg",/title/tt0052520/?pf_rd_m=A2FGELUUNOQJNL&pf_rd_p=12230b0e-0e00-43ed-9e59-8d5353703cce&pf_rd_r=843TAJFVZW5N5QCWQMQ1&pf_rd_s=center-1&pf_rd_t=15506&pf_rd_i=toptv&ref_=chttvtp_tt_23
24,The Blue Planet,(2001),"David Attenborough, Pierce Brosnan",9.0,"https://m.media-amazon.com/images/M/MV5BZGFhMGNmNDktYjY0Mi00YWE1LTlmMDQtZTBiNmU4NGYzZjZkXkEyXkFqcGdeQXVyNTA4NzY1MzY@._V1_UY67_CR0,0,45,67_AL_.jpg",/title/tt0296310/?pf_rd_m=A2FGELUUNOQJNL&pf_rd_p=12230b0e-0e00-43ed-9e59-8d5353703cce&pf_rd_r=843TAJFVZW5N5QCWQMQ1&pf_rd_s=center-1&pf_rd_t=15506&pf_rd_i=toptv&ref_=chttvtp_tt_24
25,Persona,(2018),"Haluk Bilginer, Cansu Dere",9.0,"https://m.media-amazon.com/images/M/MV5BOTJkNzJmYzgtZTZmNC00MTQ2LWE2ZGQtM2EyYjliNGViMTY5XkEyXkFqcGdeQXVyNDg4MjkzNDk@._V1_UY67_CR1,0,45,67_AL_.jpg",/title/tt7920978/?pf_rd_m=A2FGELUUNOQJNL&pf_rd_p=12230b0e-0e00-43ed-9e59-8d5353703cce&pf_rd_r=843TAJFVZW5N5QCWQMQ1&pf_rd_s=center-1&pf_rd_t=15506&pf_rd_i=toptv&ref_=chttvtp_tt_25
26,Human Planet,(2011),"John Hurt, Roger Munns",9.0,"https://m.media-amazon.com/images/M/MV5BMjdhZjQzYjYtM2FmNS00Y2ExLThjODEtZGQzY2M3OWYzYzc0XkEyXkFqcGdeQXVyNTAyODkwOQ@@._V1_UY67_CR1,0,45,67_AL_.jpg",/title/tt1806234/?pf_rd_m=A2FGELUUNOQJNL&pf_rd_p=12230b0e-0e00-43ed-9e59-8d5353703cce&pf_rd_r=843TAJFVZW5N5QCWQMQ1&pf_rd_s=center-1&pf_rd_t=15506&pf_rd_i=toptv&ref_=chttvtp_tt_26
27,Batman: The Animated Series,(1992),"Kevin Conroy, Loren Lester",9.0,"https://m.media-amazon.com/images/M/MV5BOTM3MTRkZjQtYjBkMy00YWE1LTkxOTQtNDQyNGY0YjYzNzAzXkEyXkFqcGdeQXVyOTgwMzk1MTA@._V1_UX45_CR0,0,45,67_AL_.jpg",/title/tt0103359/?pf_rd_m=A2FGELUUNOQJNL&pf_rd_p=12230b0e-0e00-43ed-9e59-8d5353703cce&pf_rd_r=843TAJFVZW5N5QCWQMQ1&pf_rd_s=center-1&pf_rd_t=15506&pf_rd_i=toptv&ref_=chttvtp_tt_27
28,Frozen Planet,(2011),"David Attenborough, Alec Baldwin",9.0,"https://m.media-amazon.com/images/M/MV5BOGM5YWU2N2QtYjVhZi00MzYyLTk0ODctYmVlNDZlMjU5N2Q5XkEyXkFqcGdeQXVyMzU3MTc5OTE@._V1_UY67_CR0,0,45,67_AL_.jpg",/title/tt2092588/?pf_rd_m=A2FGELUUNOQJNL&pf_rd_p=12230b0e-0e00-43ed-9e59-8d5353703cce&pf_rd_r=843TAJFVZW5N5QCWQMQ1&pf_rd_s=center-1&pf_rd_t=15506&pf_rd_i=toptv&ref_=chttvtp_tt_28
29,Firefly,(2002),"Nathan Fillion, Gina Torres",8.9,"https://m.media-amazon.com/images/M/MV5BOTcwNzkwMDItZmM1OC00MmQ2LTgxYjgtOTNiNDgxZDAxMjk0XkEyXkFqcGdeQXVyNDQ0MTYzMDA@._V1_UX45_CR0,0,45,67_AL_.jpg",/title/tt0303461/?pf_rd_m=A2FGELUUNOQJNL&pf_rd_p=12230b0e-0e00-43ed-9e59-8d5353703cce&pf_rd_r=843TAJFVZW5N5QCWQMQ1&pf_rd_s=center-1&pf_rd_t=15506&pf_rd_i=toptv&ref_=chttvtp_tt_29
30,Dekalog,(1989),"Artur Barcis, Olgierd Lukaszewicz",8.9,"https://m.media-amazon.com/images/M/MV5BZWIzNDIzMTYtN2RiZS00NjA1LWFjNzMtOWQ0MDYxNWI1YTJiXkEyXkFqcGdeQXVyNTAyODkwOQ@@._V1_UY67_CR0,0,45,67_AL_.jpg",/title/tt0092337/?pf_rd_m=A2FGELUUNOQJNL&pf_rd_p=12230b0e-0e00-43ed-9e59-8d5353703cce&pf_rd_r=843TAJFVZW5N5QCWQMQ1&pf_rd_s=center-1&pf_rd_t=15506&pf_rd_i=toptv&ref_=chttvtp_tt_30
31,The Beatles Anthology,(1995),"Paul McCartney, George Harrison",8.9,"https://m.media-amazon.com/images/M/MV5BNjgwZmE1NDAtN2JhNy00ZGQ4LWFhMjEtZDVmZDExNzQwNDgwXkEyXkFqcGdeQXVyNTE1NjY5Mg@@._V1_UY67_CR3,0,45,67_AL_.jpg",/title/tt0111893/?pf_rd_m=A2FGELUUNOQJNL&pf_rd_p=12230b0e-0e00-43ed-9e59-8d5353703cce&pf_rd_r=843TAJFVZW5N5QCWQMQ1&pf_rd_s=center-1&pf_rd_t=15506&pf_rd_i=toptv&ref_=chttvtp_tt_31
32,The Civil War,(1990),"David McCullough, Sam Waterston",8.9,"https://m.media-amazon.com/images/M/MV5BZDc1NzI2MGEtZDA2Yy00ZWExLTgwYmItNjU3N2QyYmM0MzYwXkEyXkFqcGdeQXVyNTA4NzY1MzY@._V1_UY67_CR1,0,45,67_AL_.jpg",/title/tt0098769/?pf_rd_m=A2FGELUUNOQJNL&pf_rd_p=12230b0e-0e00-43ed-9e59-8d5353703cce&pf_rd_r=843TAJFVZW5N5QCWQMQ1&pf_rd_s=center-1&pf_rd_t=15506&pf_rd_i=toptv&ref_=chttvtp_tt_32
33,Death Note,(2006),"Mamoru Miyano, Brad Swaile",8.9,"https://m.media-amazon.com/images/M/MV5BODkzMjhjYTQtYmQyOS00NmZlLTg3Y2UtYjkzN2JkNmRjY2FhXkEyXkFqcGdeQXVyNTM4MDQ5MDc@._V1_UY67_CR0,0,45,67_AL_.jpg",/title/tt0877057/?pf_rd_m=A2FGELUUNOQJNL&pf_rd_p=12230b0e-0e00-43ed-9e59-8d5353703cce&pf_rd_r=843TAJFVZW5N5QCWQMQ1&pf_rd_s=center-1&pf_rd_t=15506&pf_rd_i=toptv&ref_=chttvtp_tt_33
34,True Detective,(2014),"Vince Vaughn, Colin Farrell",8.9,"https://m.media-amazon.com/images/M/MV5BMTUwMGM2ZmYtZGEyZC00OWQyLWI2Y2QtMTdjYzMxZGJmNjhjXkEyXkFqcGdeQXVyNjU2ODM5MjU@._V1_UY67_CR0,0,45,67_AL_.jpg",/title/tt2356777/?pf_rd_m=A2FGELUUNOQJNL&pf_rd_p=12230b0e-0e00-43ed-9e59-8d5353703cce&pf_rd_r=843TAJFVZW5N5QCWQMQ1&pf_rd_s=center-1&pf_rd_t=15506&pf_rd_i=toptv&ref_=chttvtp_tt_34
35,Cowboy Bebop,(1998),"Kôichi Yamadera, Unshô Ishizuka",8.9,"https://m.media-amazon.com/images/M/MV5BNGNlNjBkODEtZThlOC00YzUxLWI0MjMtMjk3YzJmMDFlNWZlXkEyXkFqcGdeQXVyNjI0MDg2NzE@._V1_UX45_CR0,0,45,67_AL_.jpg",/title/tt0213338/?pf_rd_m=A2FGELUUNOQJNL&pf_rd_p=12230b0e-0e00-43ed-9e59-8d5353703cce&pf_rd_r=843TAJFVZW5N5QCWQMQ1&pf_rd_s=center-1&pf_rd_t=15506&pf_rd_i=toptv&ref_=chttvtp_tt_35
36,Apocalipsis - La segunda guerra mundial,(2009),"Mathieu Kassovitz, Martin Sheen",8.9,"https://m.media-amazon.com/images/M/MV5BYzNkNWY1OWYtYzRjNy00ZTZhLTg4ZTAtODg5YmI3OTFlMzY5XkEyXkFqcGdeQXVyNzQzNzQxNzI@._V1_UY67_CR1,0,45,67_AL_.jpg",/title/tt1508238/?pf_rd_m=A2FGELUUNOQJNL&pf_rd_p=12230b0e-0e00-43ed-9e59-8d5353703cce&pf_rd_r=843TAJFVZW5N5QCWQMQ1&pf_rd_s=center-1&pf_rd_t=15506&pf_rd_i=toptv&ref_=chttvtp_tt_36
37,Africa,(2013),"David Attenborough, Simon Blakeney",8.9,"https://m.media-amazon.com/images/M/MV5BMjFkYzk3ZDktYThjZC00NDgzLWIzYWEtMjI0N2Y0ZmE5ZDMwXkEyXkFqcGdeQXVyNTAyODkwOQ@@._V1_UY67_CR1,0,45,67_AL_.jpg",/title/tt2571774/?pf_rd_m=A2FGELUUNOQJNL&pf_rd_p=12230b0e-0e00-43ed-9e59-8d5353703cce&pf_rd_r=843TAJFVZW5N5QCWQMQ1&pf_rd_s=center-1&pf_rd_t=15506&pf_rd_i=toptv&ref_=chttvtp_tt_37
38,Fargo,(2014),"Billy Bob Thornton, Martin Freeman",8.9,"https://m.media-amazon.com/images/M/MV5BN2NiMGE5M2UtNWNlNC00N2Y4LTkwOWUtMDlkMzEwNTcyOTcyXkEyXkFqcGdeQXVyMTkxNjUyNQ@@._V1_UY67_CR0,0,45,67_AL_.jpg",/title/tt2802850/?pf_rd_m=A2FGELUUNOQJNL&pf_rd_p=12230b0e-0e00-43ed-9e59-8d5353703cce&pf_rd_r=843TAJFVZW5N5QCWQMQ1&pf_rd_s=center-1&pf_rd_t=15506&pf_rd_i=toptv&ref_=chttvtp_tt_38
39,Hunter x Hunter,(2011),"Issei Futamata, Megumi Han",8.9,"https://m.media-amazon.com/images/M/MV5BZjNmZDhkN2QtNDYyZC00YzJmLTg0ODUtN2FjNjhhMzE3ZmUxXkEyXkFqcGdeQXVyNjc2NjA5MTU@._V1_UX45_CR0,0,45,67_AL_.jpg",/title/tt2098220/?pf_rd_m=A2FGELUUNOQJNL&pf_rd_p=12230b0e-0e00-43ed-9e59-8d5353703cce&pf_rd_r=843TAJFVZW5N5QCWQMQ1&pf_rd_s=center-1&pf_rd_t=15506&pf_rd_i=toptv&ref_=chttvtp_tt_39
40,When They See Us,(2019),"Asante Blackk, Caleel Harris",8.9,"https://m.media-amazon.com/images/M/MV5BZmJjM2YzOWEtOTYxYi00YjhkLTliMzgtMTA2MTc0NDQ1MDM4XkEyXkFqcGdeQXVyODY5OTk4MA@@._V1_UY67_CR0,0,45,67_AL_.jpg",/title/tt7137906/?pf_rd_m=A2FGELUUNOQJNL&pf_rd_p=12230b0e-0e00-43ed-9e59-8d5353703cce&pf_rd_r=843TAJFVZW5N5QCWQMQ1&pf_rd_s=center-1&pf_rd_t=15506&pf_rd_i=toptv&ref_=chttvtp_tt_40
41,Attack on Titan,(2013),"Yûki Kaji, Marina Inoue",8.9,"https://m.media-amazon.com/images/M/MV5BMTY5ODk1NzUyMl5BMl5BanBnXkFtZTgwMjUyNzEyMTE@._V1_UX45_CR0,0,45,67_AL_.jpg",/title/tt2560140/?pf_rd_m=A2FGELUUNOQJNL&pf_rd_p=12230b0e-0e00-43ed-9e59-8d5353703cce&pf_rd_r=843TAJFVZW5N5QCWQMQ1&pf_rd_s=center-1&pf_rd_t=15506&pf_rd_i=toptv&ref_=chttvtp_tt_41
42,The Office,(2005),"Steve Carell, Jenna Fischer",8.8,"https://m.media-amazon.com/images/M/MV5BMDNkOTE4NDQtMTNmYi00MWE0LWE4ZTktYTc0NzhhNWIzNzJiXkEyXkFqcGdeQXVyMzQ2MDI5NjU@._V1_UX45_CR0,0,45,67_AL_.jpg",/title/tt0386676/?pf_rd_m=A2FGELUUNOQJNL&pf_rd_p=12230b0e-0e00-43ed-9e59-8d5353703cce&pf_rd_r=843TAJFVZW5N5QCWQMQ1&pf_rd_s=center-1&pf_rd_t=15506&pf_rd_i=toptv&ref_=chttvtp_tt_42
43,Last Week Tonight with John Oliver,(2014),"John Oliver, David Kaye",8.8,"https://m.media-amazon.com/images/M/MV5BNDk4OTBkMGUtZWI3NC00M2Y0LWJjNjAtZmVjMGNiNDMyMmViXkEyXkFqcGdeQXVyNTE1NjY5Mg@@._V1_UY67_CR0,0,45,67_AL_.jpg",/title/tt3530232/?pf_rd_m=A2FGELUUNOQJNL&pf_rd_p=12230b0e-0e00-43ed-9e59-8d5353703cce&pf_rd_r=843TAJFVZW5N5QCWQMQ1&pf_rd_s=center-1&pf_rd_t=15506&pf_rd_i=toptv&ref_=chttvtp_tt_43
44,Taskmaster,(2015),"Greg Davies, Alex Horne",8.8,"https://m.media-amazon.com/images/M/MV5BMTNlYzY0MTItZmI5Ni00ODEwLTkxNDktOTI3MGI1ODRmODJlXkEyXkFqcGdeQXVyMDE4MzA0NQ@@._V1_UX45_CR0,0,45,67_AL_.jpg",/title/tt4934214/?pf_rd_m=A2FGELUUNOQJNL&pf_rd_p=12230b0e-0e00-43ed-9e59-8d5353703cce&pf_rd_r=843TAJFVZW5N5QCWQMQ1&pf_rd_s=center-1&pf_rd_t=15506&pf_rd_i=toptv&ref_=chttvtp_tt_44
45,TVF Pitchers,(2015),"Naveen Kasturia, Arunabh Kumar",8.8,"https://m.media-amazon.com/images/M/MV5BMjQwNTQ5MjAxNF5BMl5BanBnXkFtZTgwNTU0MDA3NjE@._V1_UY67_CR0,0,45,67_AL_.jpg",/title/tt4742876/?pf_rd_m=A2FGELUUNOQJNL&pf_rd_p=12230b0e-0e00-43ed-9e59-8d5353703cce&pf_rd_r=843TAJFVZW5N5QCWQMQ1&pf_rd_s=center-1&pf_rd_t=15506&pf_rd_i=toptv&ref_=chttvtp_tt_45
46,Only Fools and Horses,(1981),"David Jason, Nicholas Lyndhurst",8.8,"https://m.media-amazon.com/images/M/MV5BYmI1NGIwNzYtOTVlMS00ZGYwLWE0ZTktYzVmMGVlMmRmN2QxXkEyXkFqcGdeQXVyNTA4NzY1MzY@._V1_UY67_CR1,0,45,67_AL_.jpg",/title/tt0081912/?pf_rd_m=A2FGELUUNOQJNL&pf_rd_p=12230b0e-0e00-43ed-9e59-8d5353703cce&pf_rd_r=843TAJFVZW5N5QCWQMQ1&pf_rd_s=center-1&pf_rd_t=15506&pf_rd_i=toptv&ref_=chttvtp_tt_46
47,Gravity Falls,(2012),"Jason Ritter, Alex Hirsch",8.8,"https://m.media-amazon.com/images/M/MV5BMTEzNDc3MDQ2NzNeQTJeQWpwZ15BbWU4MDYzMzUwMDIx._V1_UX45_CR0,0,45,67_AL_.jpg",/title/tt1865718/?pf_rd_m=A2FGELUUNOQJNL&pf_rd_p=12230b0e-0e00-43ed-9e59-8d5353703cce&pf_rd_r=843TAJFVZW5N5QCWQMQ1&pf_rd_s=center-1&pf_rd_t=15506&pf_rd_i=toptv&ref_=chttvtp_tt_47
48,Das Boot,(1985),"Jürgen Prochnow, Herbert Grönemeyer",8.8,"https://m.media-amazon.com/images/M/MV5BNTBhZTQzZGEtZmRiOS00MzAwLWI5MzQtYTc1YTRhMzU3NzQ5XkEyXkFqcGdeQXVyNzkwMjQ5NzM@._V1_UY67_CR1,0,45,67_AL_.jpg",/title/tt0081834/?pf_rd_m=A2FGELUUNOQJNL&pf_rd_p=12230b0e-0e00-43ed-9e59-8d5353703cce&pf_rd_r=843TAJFVZW5N5QCWQMQ1&pf_rd_s=center-1&pf_rd_t=15506&pf_rd_i=toptv&ref_=chttvtp_tt_48
49,Nathan for You,(2013),"Nathan Fielder, Anthony Filosa",8.8,"https://m.media-amazon.com/images/M/MV5BOGY4ZWM1MDUtZmM3MS00ZjAxLTkyYzMtMjgxODI1YzkzNGUwXkEyXkFqcGdeQXVyNzk2NzE5Mjk@._V1_UY67_CR2,0,45,67_AL_.jpg",/title/tt2297757/?pf_rd_m=A2FGELUUNOQJNL&pf_rd_p=12230b0e-0e00-43ed-9e59-8d5353703cce&pf_rd_r=843TAJFVZW5N5QCWQMQ1&pf_rd_s=center-1&pf_rd_t=15506&pf_rd_i=toptv&ref_=chttvtp_tt_49
50,Leah Remini: Scientology and the Aftermath,(2016),"Leah Remini, Mike Rinder",8.8,"https://m.media-amazon.com/images/M/MV5BZDU1NzBlMmUtOGIzOS00NzFkLWFjZDktZmRmMGQ5ZWY2Y2NjXkEyXkFqcGdeQXVyMTQxNzMzNDI@._V1_UY67_CR2,0,45,67_AL_.jpg",/title/tt6244192/?pf_rd_m=A2FGELUUNOQJNL&pf_rd_p=12230b0e-0e00-43ed-9e59-8d5353703cce&pf_rd_r=843TAJFVZW5N5QCWQMQ1&pf_rd_s=center-1&pf_rd_t=15506&pf_rd_i=toptv&ref_=chttvtp_tt_50
51,Seinfeld,(1989),"Jerry Seinfeld, Julia Louis-Dreyfus",8.8,"https://m.media-amazon.com/images/M/MV5BZjZjMzQ2ZmUtZWEyZC00NWJiLWFjM2UtMzhmYzZmZDcxMzllXkEyXkFqcGdeQXVyNTA4NzY1MzY@._V1_UY67_CR1,0,45,67_AL_.jpg",/title/tt0098904/?pf_rd_m=A2FGELUUNOQJNL&pf_rd_p=12230b0e-0e00-43ed-9e59-8d5353703cce&pf_rd_r=843TAJFVZW5N5QCWQMQ1&pf_rd_s=center-1&pf_rd_t=15506&pf_rd_i=toptv&ref_=chttvtp_tt_51
52,Monty Python's Flying Circus,(1969),"Graham Chapman, John Cleese",8.8,"https://m.media-amazon.com/images/M/MV5BMWY2ZGI0OGUtZDc3YS00ZmVjLWJiNWQtZDdmNzFmM2UzYWFhXkEyXkFqcGdeQXVyNTA4NzY1MzY@._V1_UY67_CR1,0,45,67_AL_.jpg",/title/tt0063929/?pf_rd_m=A2FGELUUNOQJNL&pf_rd_p=12230b0e-0e00-43ed-9e59-8d5353703cce&pf_rd_r=843TAJFVZW5N5QCWQMQ1&pf_rd_s=center-1&pf_rd_t=15506&pf_rd_i=toptv&ref_=chttvtp_tt_52
53,Friends,(1994),"Jennifer Aniston, Courteney Cox",8.8,"https://m.media-amazon.com/images/M/MV5BNDVkYjU0MzctMWRmZi00NTkxLTgwZWEtOWVhYjZlYjllYmU4XkEyXkFqcGdeQXVyNTA4NzY1MzY@._V1_UY67_CR0,0,45,67_AL_.jpg",/title/tt0108778/?pf_rd_m=A2FGELUUNOQJNL&pf_rd_p=12230b0e-0e00-43ed-9e59-8d5353703cce&pf_rd_r=843TAJFVZW5N5QCWQMQ1&pf_rd_s=center-1&pf_rd_t=15506&pf_rd_i=toptv&ref_=chttvtp_tt_53
54,Aspirants,(2021),"Naveen Kasturia, Shivankit Singh Parihar",8.8,"https://m.media-amazon.com/images/M/MV5BNWRkMjA0NjItMmViYS00MDQyLTgyMWYtOWFmOTA4NmU5MjRjXkEyXkFqcGdeQXVyNDY4NjAxNTc@._V1_UY67_CR1,0,45,67_AL_.jpg",/title/tt14392248/?pf_rd_m=A2FGELUUNOQJNL&pf_rd_p=12230b0e-0e00-43ed-9e59-8d5353703cce&pf_rd_r=843TAJFVZW5N5QCWQMQ1&pf_rd_s=center-1&pf_rd_t=15506&pf_rd_i=toptv&ref_=chttvtp_tt_54
55,Pride and Prejudice,(1995),"Colin Firth, Jennifer Ehle",8.8,"https://m.media-amazon.com/images/M/MV5BMDM0MjFlOGYtNTg2ZC00MmRkLTg5OTQtM2U5ZjUyYTgxZThiXkEyXkFqcGdeQXVyNTAyODkwOQ@@._V1_UY67_CR1,0,45,67_AL_.jpg",/title/tt0112130/?pf_rd_m=A2FGELUUNOQJNL&pf_rd_p=12230b0e-0e00-43ed-9e59-8d5353703cce&pf_rd_r=843TAJFVZW5N5QCWQMQ1&pf_rd_s=center-1&pf_rd_t=15506&pf_rd_i=toptv&ref_=chttvtp_tt_55
56,Kota Factory,(2019),"Mayur More, Jitendra Kumar",8.8,"https://m.media-amazon.com/images/M/MV5BNWFlNTY5MzEtNDhhMy00YTRmLWJhYjMtM2JjODkyMGRkZmUzXkEyXkFqcGdeQXVyOTAzMTc2MjA@._V1_UY67_CR11,0,45,67_AL_.jpg",/title/tt9432978/?pf_rd_m=A2FGELUUNOQJNL&pf_rd_p=12230b0e-0e00-43ed-9e59-8d5353703cce&pf_rd_r=843TAJFVZW5N5QCWQMQ1&pf_rd_s=center-1&pf_rd_t=15506&pf_rd_i=toptv&ref_=chttvtp_tt_56
57,Black Mirror,(2011),"Daniel Lapaine, Hannah John-Kamen",8.8,"https://m.media-amazon.com/images/M/MV5BYTM3YWVhMDMtNjczMy00NGEyLWJhZDctYjNhMTRkNDE0ZTI1XkEyXkFqcGdeQXVyMTkxNjUyNQ@@._V1_UY67_CR0,0,45,67_AL_.jpg",/title/tt2085059/?pf_rd_m=A2FGELUUNOQJNL&pf_rd_p=12230b0e-0e00-43ed-9e59-8d5353703cce&pf_rd_r=843TAJFVZW5N5QCWQMQ1&pf_rd_s=center-1&pf_rd_t=15506&pf_rd_i=toptv&ref_=chttvtp_tt_57
58,How the Universe Works,(2010),"Phil Plait, Michelle Thaller",8.8,"https://m.media-amazon.com/images/M/MV5BMTc0MDQ3NzI4MV5BMl5BanBnXkFtZTgwNTk1NjE0MzE@._V1_UY67_CR1,0,45,67_AL_.jpg",/title/tt1832668/?pf_rd_m=A2FGELUUNOQJNL&pf_rd_p=12230b0e-0e00-43ed-9e59-8d5353703cce&pf_rd_r=843TAJFVZW5N5QCWQMQ1&pf_rd_s=center-1&pf_rd_t=15506&pf_rd_i=toptv&ref_=chttvtp_tt_58
59,Twin Peaks,(1990),"Kyle MacLachlan, Michael Ontkean",8.8,"https://m.media-amazon.com/images/M/MV5BMTExNzk2NjcxNTNeQTJeQWpwZ15BbWU4MDcxOTczOTIx._V1_UY67_CR3,0,45,67_AL_.jpg",/title/tt0098936/?pf_rd_m=A2FGELUUNOQJNL&pf_rd_p=12230b0e-0e00-43ed-9e59-8d5353703cce&pf_rd_r=843TAJFVZW5N5QCWQMQ1&pf_rd_s=center-1&pf_rd_t=15506&pf_rd_i=toptv&ref_=chttvtp_tt_59
60,Over the Garden Wall,(2014),"Elijah Wood, Collin Dean",8.8,"https://m.media-amazon.com/images/M/MV5BYjQwZDhhNzctNTZjYy00NjYzLWE3ZjctNGQwZWY2Zjg5NTgwL2ltYWdlL2ltYWdlXkEyXkFqcGdeQXVyNTAyODkwOQ@@._V1_UY67_CR1,0,45,67_AL_.jpg",/title/tt3718778/?pf_rd_m=A2FGELUUNOQJNL&pf_rd_p=12230b0e-0e00-43ed-9e59-8d5353703cce&pf_rd_r=843TAJFVZW5N5QCWQMQ1&pf_rd_s=center-1&pf_rd_t=15506&pf_rd_i=toptv&ref_=chttvtp_tt_60
61,Blackadder Goes Forth,(1989),"Rowan Atkinson, Tony Robinson",8.7,"https://m.media-amazon.com/images/M/MV5BMTQ0OTc1NTU1NV5BMl5BanBnXkFtZTcwNDk1NDYxMQ@@._V1_UY67_CR1,0,45,67_AL_.jpg",/title/tt0096548/?pf_rd_m=A2FGELUUNOQJNL&pf_rd_p=12230b0e-0e00-43ed-9e59-8d5353703cce&pf_rd_r=843TAJFVZW5N5QCWQMQ1&pf_rd_s=center-1&pf_rd_t=15506&pf_rd_i=toptv&ref_=chttvtp_tt_61
62,Fawlty Towers,(1975),"John Cleese, Prunella Scales",8.7,"https://m.media-amazon.com/images/M/MV5BNzg2NWQ5MDQtMWY0MC00MWFiLWIyMDEtYTI2MTMzN2YzOTI0XkEyXkFqcGdeQXVyNTA4NzExMDg@._V1_UY67_CR0,0,45,67_AL_.jpg",/title/tt0072500/?pf_rd_m=A2FGELUUNOQJNL&pf_rd_p=12230b0e-0e00-43ed-9e59-8d5353703cce&pf_rd_r=843TAJFVZW5N5QCWQMQ1&pf_rd_s=center-1&pf_rd_t=15506&pf_rd_i=toptv&ref_=chttvtp_tt_62
63,Narcos,(2015),"Pedro Pascal, Wagner Moura",8.7,"https://m.media-amazon.com/images/M/MV5BNmFjODU3YzgtMGUwNC00ZGI3LWFkZjQtMjkxZDc3NmQ1MzcyXkEyXkFqcGdeQXVyNjUwNzk3NDc@._V1_UY67_CR0,0,45,67_AL_.jpg",/title/tt2707408/?pf_rd_m=A2FGELUUNOQJNL&pf_rd_p=12230b0e-0e00-43ed-9e59-8d5353703cce&pf_rd_r=843TAJFVZW5N5QCWQMQ1&pf_rd_s=center-1&pf_rd_t=15506&pf_rd_i=toptv&ref_=chttvtp_tt_63
64,Freaks and Geeks,(1999),"Linda Cardellini, John Francis Daley",8.7,"https://m.media-amazon.com/images/M/MV5BZWJhOGFiZWMtYTY5Ni00NGU1LWE5OWItNzA5NThkNWUwYzc4XkEyXkFqcGdeQXVyNTA4NzY1MzY@._V1_UY67_CR1,0,45,67_AL_.jpg",/title/tt0193676/?pf_rd_m=A2FGELUUNOQJNL&pf_rd_p=12230b0e-0e00-43ed-9e59-8d5353703cce&pf_rd_r=843TAJFVZW5N5QCWQMQ1&pf_rd_s=center-1&pf_rd_t=15506&pf_rd_i=toptv&ref_=chttvtp_tt_64
65,Chappelle's Show,(2003),"Dave Chappelle, Donnell Rawlings",8.7,"https://m.media-amazon.com/images/M/MV5BOWNjYTg5NGMtOWRjNy00ZGNlLTg2MmYtZjQ5NTM0MTQxOGM2XkEyXkFqcGdeQXVyNTA4NzY1MzY@._V1_UY67_CR1,0,45,67_AL_.jpg",/title/tt0353049/?pf_rd_m=A2FGELUUNOQJNL&pf_rd_p=12230b0e-0e00-43ed-9e59-8d5353703cce&pf_rd_r=843TAJFVZW5N5QCWQMQ1&pf_rd_s=center-1&pf_rd_t=15506&pf_rd_i=toptv&ref_=chttvtp_tt_65
66,It's Always Sunny in Philadelphia,(2005),"Charlie Day, Glenn Howerton",8.7,"https://m.media-amazon.com/images/M/MV5BOTExNGZkMWMtMmIwZC00YjA3LTgwM2ItZjQ2YmZkMzQ1YWZkXkEyXkFqcGdeQXVyMzQ2MDI5NjU@._V1_UX45_CR0,0,45,67_AL_.jpg",/title/tt0472954/?pf_rd_m=A2FGELUUNOQJNL&pf_rd_p=12230b0e-0e00-43ed-9e59-8d5353703cce&pf_rd_r=843TAJFVZW5N5QCWQMQ1&pf_rd_s=center-1&pf_rd_t=15506&pf_rd_i=toptv&ref_=chttvtp_tt_66
67,Invincible,(2021),"Steven Yeun, J.K. Simmons",8.7,"https://m.media-amazon.com/images/M/MV5BMmE1ODVhMGYtODYyYS00Mjc4LWIzN2EtYWZkZDg1MTUyNDkxXkEyXkFqcGdeQXVyMTkxNjUyNQ@@._V1_UY67_CR0,0,45,67_AL_.jpg",/title/tt6741278/?pf_rd_m=A2FGELUUNOQJNL&pf_rd_p=12230b0e-0e00-43ed-9e59-8d5353703cce&pf_rd_r=843TAJFVZW5N5QCWQMQ1&pf_rd_s=center-1&pf_rd_t=15506&pf_rd_i=toptv&ref_=chttvtp_tt_67
68,One Punch Man,(2015),"Makoto Furukawa, Kaito Ishikawa",8.7,"https://m.media-amazon.com/images/M/MV5BMTNmZDE2NDEtNTg3MS00OTE1LThlZGUtOGZkZTg0NTUyNGVmXkEyXkFqcGdeQXVyNTgyNTA4MjM@._V1_UX45_CR0,0,45,67_AL_.jpg",/title/tt4508902/?pf_rd_m=A2FGELUUNOQJNL&pf_rd_p=12230b0e-0e00-43ed-9e59-8d5353703cce&pf_rd_r=843TAJFVZW5N5QCWQMQ1&pf_rd_s=center-1&pf_rd_t=15506&pf_rd_i=toptv&ref_=chttvtp_tt_68
69,The Century of the Self,(2002),"Adam Curtis, Ann Bernays",8.7,"https://m.media-amazon.com/images/M/MV5BYjllMDM4OTAtNWE3Ni00MjVjLTkwY2EtYjFjNmI0YTY4OTFhXkEyXkFqcGdeQXVyNjMwMjk0MTQ@._V1_UX45_CR0,0,45,67_AL_.jpg",/title/tt0432232/?pf_rd_m=A2FGELUUNOQJNL&pf_rd_p=12230b0e-0e00-43ed-9e59-8d5353703cce&pf_rd_r=843TAJFVZW5N5QCWQMQ1&pf_rd_s=center-1&pf_rd_t=15506&pf_rd_i=toptv&ref_=chttvtp_tt_69
70,Peaky Blinders,(2013),"Cillian Murphy, Paul Anderson",8.7,"https://m.media-amazon.com/images/M/MV5BMTkzNjEzMDEzMF5BMl5BanBnXkFtZTgwMDI0MjE4MjE@._V1_UY67_CR0,0,45,67_AL_.jpg",/title/tt2442560/?pf_rd_m=A2FGELUUNOQJNL&pf_rd_p=12230b0e-0e00-43ed-9e59-8d5353703cce&pf_rd_r=843TAJFVZW5N5QCWQMQ1&pf_rd_s=center-1&pf_rd_t=15506&pf_rd_i=toptv&ref_=chttvtp_tt_70
71,The Mandalorian,(2019),"Pedro Pascal, Gina Carano",8.7,"https://m.media-amazon.com/images/M/MV5BZDhlMzY0ZGItZTcyNS00ZTAxLWIyMmYtZGQ2ODg5OWZiYmJkXkEyXkFqcGdeQXVyODkzNTgxMDg@._V1_UY67_CR0,0,45,67_AL_.jpg",/title/tt8111088/?pf_rd_m=A2FGELUUNOQJNL&pf_rd_p=12230b0e-0e00-43ed-9e59-8d5353703cce&pf_rd_r=843TAJFVZW5N5QCWQMQ1&pf_rd_s=center-1&pf_rd_t=15506&pf_rd_i=toptv&ref_=chttvtp_tt_71
72,The West Wing,(1999),"Martin Sheen, Rob Lowe",8.7,"https://m.media-amazon.com/images/M/MV5BNjk3ZWE3ZDctN2Q1YS00NzNhLWFjNmYtZTkwYWQxZmQ3NzM3XkEyXkFqcGdeQXVyNTE1NjY5Mg@@._V1_UX45_CR0,0,45,67_AL_.jpg",/title/tt0200276/?pf_rd_m=A2FGELUUNOQJNL&pf_rd_p=12230b0e-0e00-43ed-9e59-8d5353703cce&pf_rd_r=843TAJFVZW5N5QCWQMQ1&pf_rd_s=center-1&pf_rd_t=15506&pf_rd_i=toptv&ref_=chttvtp_tt_72
73,Steins;Gate,(2011),"Mamoru Miyano, Asami Imai",8.7,"https://m.media-amazon.com/images/M/MV5BMjUxMzE4ZDctODNjMS00MzIwLThjNDktODkwYjc5YWU0MDc0XkEyXkFqcGdeQXVyNjc3OTE4Nzk@._V1_UX45_CR0,0,45,67_AL_.jpg",/title/tt1910272/?pf_rd_m=A2FGELUUNOQJNL&pf_rd_p=12230b0e-0e00-43ed-9e59-8d5353703cce&pf_rd_r=843TAJFVZW5N5QCWQMQ1&pf_rd_s=center-1&pf_rd_t=15506&pf_rd_i=toptv&ref_=chttvtp_tt_73
74,"I, Claudius",(1976),"Derek Jacobi, John Hurt",8.7,"https://m.media-amazon.com/images/M/MV5BZWM1MDY1MjYtYTAzZC00MDJiLTk4MjAtOGQzNDI4YWU1MWQ0XkEyXkFqcGdeQXVyNTA4NzY1MzY@._V1_UY67_CR0,0,45,67_AL_.jpg",/title/tt0074006/?pf_rd_m=A2FGELUUNOQJNL&pf_rd_p=12230b0e-0e00-43ed-9e59-8d5353703cce&pf_rd_r=843TAJFVZW5N5QCWQMQ1&pf_rd_s=center-1&pf_rd_t=15506&pf_rd_i=toptv&ref_=chttvtp_tt_74
75,Better Call Saul,(2015),"Bob Odenkirk, Rhea Seehorn",8.7,"https://m.media-amazon.com/images/M/MV5BMGE4YzY4NGEtOWYyYS00ZDk2LWExMmMtZDIyODhiMmNlMGE0XkEyXkFqcGdeQXVyMTkxNjUyNQ@@._V1_UX45_CR0,0,45,67_AL_.jpg",/title/tt3032476/?pf_rd_m=A2FGELUUNOQJNL&pf_rd_p=12230b0e-0e00-43ed-9e59-8d5353703cce&pf_rd_r=843TAJFVZW5N5QCWQMQ1&pf_rd_s=center-1&pf_rd_t=15506&pf_rd_i=toptv&ref_=chttvtp_tt_75
76,Dark,(2017),"Louis Hofmann, Karoline Eichhorn",8.7,"https://m.media-amazon.com/images/M/MV5BOTk2NzUyOTctZDdlMS00MDJlLTgzNTEtNzQzYjFhNjA0YjBjXkEyXkFqcGdeQXVyMjg1NDcxNDE@._V1_UY67_CR0,0,45,67_AL_.jpg",/title/tt5753856/?pf_rd_m=A2FGELUUNOQJNL&pf_rd_p=12230b0e-0e00-43ed-9e59-8d5353703cce&pf_rd_r=843TAJFVZW5N5QCWQMQ1&pf_rd_s=center-1&pf_rd_t=15506&pf_rd_i=toptv&ref_=chttvtp_tt_76
77,Gullak,(2019),"Jameel Khan, Geetanjali Kulkarni",8.7,"https://m.media-amazon.com/images/M/MV5BMmRjOTBjMGEtMGFmZi00MDc0LTgwNzMtNjMzZTUyM2M4ZTY1XkEyXkFqcGdeQXVyNDY4NjAxNTc@._V1_UY67_CR0,0,45,67_AL_.jpg",/title/tt10530900/?pf_rd_m=A2FGELUUNOQJNL&pf_rd_p=12230b0e-0e00-43ed-9e59-8d5353703cce&pf_rd_r=843TAJFVZW5N5QCWQMQ1&pf_rd_s=center-1&pf_rd_t=15506&pf_rd_i=toptv&ref_=chttvtp_tt_77
78,Dragon Ball Z,(1989),"Jôji Yanami, Kyle Hebert",8.7,"https://m.media-amazon.com/images/M/MV5BMGMyOThiMGUtYmFmZi00YWM0LWJiM2QtZGMwM2Q2ODE4MzhhXkEyXkFqcGdeQXVyMjc2Nzg5OTQ@._V1_UY67_CR0,0,45,67_AL_.jpg",/title/tt0121220/?pf_rd_m=A2FGELUUNOQJNL&pf_rd_p=12230b0e-0e00-43ed-9e59-8d5353703cce&pf_rd_r=843TAJFVZW5N5QCWQMQ1&pf_rd_s=center-1&pf_rd_t=15506&pf_rd_i=toptv&ref_=chttvtp_tt_78
79,Vinland Saga,(2019),"Naoya Uchida, Hiroki Yasumoto",8.7,"https://m.media-amazon.com/images/M/MV5BN2UwOTMwMjMtZTE5MS00YmY4LTg4YjAtZDE3ZTg3YTU5MmQ2XkEyXkFqcGdeQXVyODEyMDIxNDY@._V1_UY67_CR1,0,45,67_AL_.jpg",/title/tt10233448/?pf_rd_m=A2FGELUUNOQJNL&pf_rd_p=12230b0e-0e00-43ed-9e59-8d5353703cce&pf_rd_r=843TAJFVZW5N5QCWQMQ1&pf_rd_s=center-1&pf_rd_t=15506&pf_rd_i=toptv&ref_=chttvtp_tt_79
80,Rome,(2005),"Kevin McKidd, Ray Stevenson",8.7,"https://m.media-amazon.com/images/M/MV5BYTM4MmU1NWYtNzJjYy00YWFhLThjOGEtZmMxOGI1NzE0NGNiXkEyXkFqcGdeQXVyNDIzMzcwNjc@._V1_UX45_CR0,0,45,67_AL_.jpg",/title/tt0384766/?pf_rd_m=A2FGELUUNOQJNL&pf_rd_p=12230b0e-0e00-43ed-9e59-8d5353703cce&pf_rd_r=843TAJFVZW5N5QCWQMQ1&pf_rd_s=center-1&pf_rd_t=15506&pf_rd_i=toptv&ref_=chttvtp_tt_80
81,BoJack Horseman,(2014),"Will Arnett, Amy Sedaris",8.7,"https://m.media-amazon.com/images/M/MV5BYWQwMDNkM2MtODU4OS00OTY3LTgwOTItNjE2Yzc0MzRkMDllXkEyXkFqcGdeQXVyMTkxNjUyNQ@@._V1_UY67_CR0,0,45,67_AL_.jpg",/title/tt3398228/?pf_rd_m=A2FGELUUNOQJNL&pf_rd_p=12230b0e-0e00-43ed-9e59-8d5353703cce&pf_rd_r=843TAJFVZW5N5QCWQMQ1&pf_rd_s=center-1&pf_rd_t=15506&pf_rd_i=toptv&ref_=chttvtp_tt_81
82,Dragon Ball Z,(1996),"Doc Harris, Christopher Sabat",8.7,"https://m.media-amazon.com/images/M/MV5BNGM5MTEyZDItZWNhOS00NzNkLTgwZTAtNWIzY2IzZmExOWMxXkEyXkFqcGdeQXVyNTA4NzY1MzY@._V1_UY67_CR1,0,45,67_AL_.jpg",/title/tt0214341/?pf_rd_m=A2FGELUUNOQJNL&pf_rd_p=12230b0e-0e00-43ed-9e59-8d5353703cce&pf_rd_r=843TAJFVZW5N5QCWQMQ1&pf_rd_s=center-1&pf_rd_t=15506&pf_rd_i=toptv&ref_=chttvtp_tt_82
83,Leyla and Mecnun,(2011),"Ali Atay, Ahmet Mümtaz Taylan",8.7,"https://m.media-amazon.com/images/M/MV5BMzE1YjMzZGItZTkwOS00ZmY3LWEzYmMtODM0OWVhNGU2MDkxXkEyXkFqcGdeQXVyNTY3OTUwODg@._V1_UY67_CR3,0,45,67_AL_.jpg",/title/tt1831164/?pf_rd_m=A2FGELUUNOQJNL&pf_rd_p=12230b0e-0e00-43ed-9e59-8d5353703cce&pf_rd_r=843TAJFVZW5N5QCWQMQ1&pf_rd_s=center-1&pf_rd_t=15506&pf_rd_i=toptv&ref_=chttvtp_tt_83
84,Curb Your Enthusiasm,(2000),"Larry David, Cheryl Hines",8.7,"https://m.media-amazon.com/images/M/MV5BZjYyMmJjYWUtZjBjMS00MWQzLTk0OWYtYzU1MmE3NzFhZjJkXkEyXkFqcGdeQXVyMTkxNjUyNQ@@._V1_UY67_CR0,0,45,67_AL_.jpg",/title/tt0264235/?pf_rd_m=A2FGELUUNOQJNL&pf_rd_p=12230b0e-0e00-43ed-9e59-8d5353703cce&pf_rd_r=843TAJFVZW5N5QCWQMQ1&pf_rd_s=center-1&pf_rd_t=15506&pf_rd_i=toptv&ref_=chttvtp_tt_84
85,Oz,(1997),"Ernie Hudson, J.K. Simmons",8.7,"https://m.media-amazon.com/images/M/MV5BYjY3N2M2YjgtZTFjZS00ODA1LWJjMDgtNDgxZDllZWFiMmYyXkEyXkFqcGdeQXVyNDIzMzcwNjc@._V1_UX45_CR0,0,45,67_AL_.jpg",/title/tt0118421/?pf_rd_m=A2FGELUUNOQJNL&pf_rd_p=12230b0e-0e00-43ed-9e59-8d5353703cce&pf_rd_r=843TAJFVZW5N5QCWQMQ1&pf_rd_s=center-1&pf_rd_t=15506&pf_rd_i=toptv&ref_=chttvtp_tt_85
86,Ramayan,(1987),"Arun Govil, Deepika Chikhalia",8.7,"https://m.media-amazon.com/images/M/MV5BODFjYWEyOTktMTU3OC00YTBhLWE4ZmEtNTJiYWUzYTYwMjIzXkEyXkFqcGdeQXVyNjU1NDgwMDg@._V1_UY67_CR1,0,45,67_AL_.jpg",/title/tt0268093/?pf_rd_m=A2FGELUUNOQJNL&pf_rd_p=12230b0e-0e00-43ed-9e59-8d5353703cce&pf_rd_r=843TAJFVZW5N5QCWQMQ1&pf_rd_s=center-1&pf_rd_t=15506&pf_rd_i=toptv&ref_=chttvtp_tt_86
87,Arrested Development,(2003),"Jason Bateman, Michael Cera",8.7,"https://m.media-amazon.com/images/M/MV5BNTFlYTE2YTItZmQ1NS00ZWQ5LWI3OGUtYTQzNDMyZmEyYTZjXkEyXkFqcGdeQXVyNDg4NjY5OTQ@._V1_UY67_CR0,0,45,67_AL_.jpg",/title/tt0367279/?pf_rd_m=A2FGELUUNOQJNL&pf_rd_p=12230b0e-0e00-43ed-9e59-8d5353703cce&pf_rd_r=843TAJFVZW5N5QCWQMQ1&pf_rd_s=center-1&pf_rd_t=15506&pf_rd_i=toptv&ref_=chttvtp_tt_87
88,Anthony Bourdain: Parts Unknown,(2013),"Anthony Bourdain, Tom Vitale",8.7,"https://m.media-amazon.com/images/M/MV5BMjM1MzczMzU4Nl5BMl5BanBnXkFtZTgwNDc3MzcxMjI@._V1_UY67_CR0,0,45,67_AL_.jpg",/title/tt2845786/?pf_rd_m=A2FGELUUNOQJNL&pf_rd_p=12230b0e-0e00-43ed-9e59-8d5353703cce&pf_rd_r=843TAJFVZW5N5QCWQMQ1&pf_rd_s=center-1&pf_rd_t=15506&pf_rd_i=toptv&ref_=chttvtp_tt_88
89,Fleabag,(2016),"Phoebe Waller-Bridge, Sian Clifford",8.7,"https://m.media-amazon.com/images/M/MV5BMjA4MzU5NzQxNV5BMl5BanBnXkFtZTgwOTg3MDA5NzM@._V1_UY67_CR0,0,45,67_AL_.jpg",/title/tt5687612/?pf_rd_m=A2FGELUUNOQJNL&pf_rd_p=12230b0e-0e00-43ed-9e59-8d5353703cce&pf_rd_r=843TAJFVZW5N5QCWQMQ1&pf_rd_s=center-1&pf_rd_t=15506&pf_rd_i=toptv&ref_=chttvtp_tt_89
90,The Adventures of Sherlock Holmes,(1984),"Jeremy Brett, David Burke",8.7,"https://m.media-amazon.com/images/M/MV5BOTU0ODg2ODMtZDQ0OS00N2MzLWIwYWUtZDQ2N2E2ZTZiNzI1XkEyXkFqcGdeQXVyNjc3MjQzNTI@._V1_UY67_CR1,0,45,67_AL_.jpg",/title/tt0086661/?pf_rd_m=A2FGELUUNOQJNL&pf_rd_p=12230b0e-0e00-43ed-9e59-8d5353703cce&pf_rd_r=843TAJFVZW5N5QCWQMQ1&pf_rd_s=center-1&pf_rd_t=15506&pf_rd_i=toptv&ref_=chttvtp_tt_90
91,Stranger Things,(2016),"Millie Bobby Brown, Finn Wolfhard",8.7,"https://m.media-amazon.com/images/M/MV5BN2ZmYjg1YmItNWQ4OC00YWM0LWE0ZDktYThjOTZiZjhhN2Q2XkEyXkFqcGdeQXVyNjgxNTQ3Mjk@._V1_UY67_CR0,0,45,67_AL_.jpg",/title/tt4574334/?pf_rd_m=A2FGELUUNOQJNL&pf_rd_p=12230b0e-0e00-43ed-9e59-8d5353703cce&pf_rd_r=843TAJFVZW5N5QCWQMQ1&pf_rd_s=center-1&pf_rd_t=15506&pf_rd_i=toptv&ref_=chttvtp_tt_91
92,Ted Lasso,(2020),"Jason Sudeikis, Hannah Waddingham",8.7,"https://m.media-amazon.com/images/M/MV5BY2MxYjVlNzAtMDdhOS00N2U2LThlYWQtN2MwMWJjYjFhYzM5XkEyXkFqcGdeQXVyMTAwMzM3NDI3._V1_UY67_CR0,0,45,67_AL_.jpg",/title/tt10986410/?pf_rd_m=A2FGELUUNOQJNL&pf_rd_p=12230b0e-0e00-43ed-9e59-8d5353703cce&pf_rd_r=843TAJFVZW5N5QCWQMQ1&pf_rd_s=center-1&pf_rd_t=15506&pf_rd_i=toptv&ref_=chttvtp_tt_92
93,Justice League Unlimited,(2004),"George Newbern, Kevin Conroy",8.7,"https://m.media-amazon.com/images/M/MV5BMTI3MjI1NTAtYjI2ZS00OTVlLTk0OTQtNTc5M2U3NmNmYjMzXkEyXkFqcGdeQXVyOTgwMzk1MTA@._V1_UX45_CR0,0,45,67_AL_.jpg",/title/tt6025022/?pf_rd_m=A2FGELUUNOQJNL&pf_rd_p=12230b0e-0e00-43ed-9e59-8d5353703cce&pf_rd_r=843TAJFVZW5N5QCWQMQ1&pf_rd_s=center-1&pf_rd_t=15506&pf_rd_i=toptv&ref_=chttvtp_tt_93
94,The Marvelous Mrs. Maisel,(2017),"Rachel Brosnahan, Alex Borstein",8.7,"https://m.media-amazon.com/images/M/MV5BZTFhMDdmODEtN2UwOS00ZjQwLTgxMGYtM2JlMGM3YTUyM2FjXkEyXkFqcGdeQXVyMTYzMDM0NTU@._V1_UY67_CR0,0,45,67_AL_.jpg",/title/tt5788792/?pf_rd_m=A2FGELUUNOQJNL&pf_rd_p=12230b0e-0e00-43ed-9e59-8d5353703cce&pf_rd_r=843TAJFVZW5N5QCWQMQ1&pf_rd_s=center-1&pf_rd_t=15506&pf_rd_i=toptv&ref_=chttvtp_tt_94
95,The Return of Sherlock Holmes,(1986),"Jeremy Brett, Edward Hardwicke",8.6,"https://m.media-amazon.com/images/M/MV5BMjM1OTc0MjMtZjFmOS00ZmQ0LTk1ZWItM2U1YTc5ODZjZjI3XkEyXkFqcGdeQXVyNTA4NzY1MzY@._V1_UY67_CR0,0,45,67_AL_.jpg",/title/tt0090509/?pf_rd_m=A2FGELUUNOQJNL&pf_rd_p=12230b0e-0e00-43ed-9e59-8d5353703cce&pf_rd_r=843TAJFVZW5N5QCWQMQ1&pf_rd_s=center-1&pf_rd_t=15506&pf_rd_i=toptv&ref_=chttvtp_tt_95
96,It's a Sin,(2021),"Olly Alexander, Nathaniel Curtis",8.6,"https://m.media-amazon.com/images/M/MV5BZWIyNGI1N2YtNzRlZS00NTFjLTk5MzMtZjQ5MTUwMTljZDZkXkEyXkFqcGdeQXVyMjQwMDg0Ng@@._V1_UY67_CR0,0,45,67_AL_.jpg",/title/tt9140342/?pf_rd_m=A2FGELUUNOQJNL&pf_rd_p=12230b0e-0e00-43ed-9e59-8d5353703cce&pf_rd_r=843TAJFVZW5N5QCWQMQ1&pf_rd_s=center-1&pf_rd_t=15506&pf_rd_i=toptv&ref_=chttvtp_tt_96
97,Senke nad Balkanom,(2017),"Andrija Kuzmanovic, Marija Bergam",8.6,"https://m.media-amazon.com/images/M/MV5BYjAzMzc3OTMtZTAzNi00OWI0LWJmOGEtYjI3MWZmY2IzNDkxXkEyXkFqcGdeQXVyMTk0MjQ3Nzk@._V1_UY67_CR1,0,45,67_AL_.jpg",/title/tt6108262/?pf_rd_m=A2FGELUUNOQJNL&pf_rd_p=12230b0e-0e00-43ed-9e59-8d5353703cce&pf_rd_r=843TAJFVZW5N5QCWQMQ1&pf_rd_s=center-1&pf_rd_t=15506&pf_rd_i=toptv&ref_=chttvtp_tt_97
98,Six Feet Under,(2001),"Peter Krause, Michael C. Hall",8.6,"https://m.media-amazon.com/images/M/MV5BMTQzODk5N2UtYjE4ZC00YWM1LWJkMGYtYmY2NjNjMjIzZDRmXkEyXkFqcGdeQXVyNTE1NjY5Mg@@._V1_UX45_CR0,0,45,67_AL_.jpg",/title/tt0248654/?pf_rd_m=A2FGELUUNOQJNL&pf_rd_p=12230b0e-0e00-43ed-9e59-8d5353703cce&pf_rd_r=843TAJFVZW5N5QCWQMQ1&pf_rd_s=center-1&pf_rd_t=15506&pf_rd_i=toptv&ref_=chttvtp_tt_98
99,The Carol Burnett Show,(1967),"Carol Burnett, Vicki Lawrence",8.6,"https://m.media-amazon.com/images/M/MV5BY2JiNDkzNWUtMWNmNy00MjNhLTk5MzYtYjcyNDY5MmMzNDlhXkEyXkFqcGdeQXVyMTk0MjQ3Nzk@._V1_UY67_CR2,0,45,67_AL_.jpg",/title/tt0061240/?pf_rd_m=A2FGELUUNOQJNL&pf_rd_p=12230b0e-0e00-43ed-9e59-8d5353703cce&pf_rd_r=843TAJFVZW5N5QCWQMQ1&pf_rd_s=center-1&pf_rd_t=15506&pf_rd_i=toptv&ref_=chttvtp_tt_99
100,The Boys,(2019),"Karl Urban, Jack Quaid",8.6,"https://m.media-amazon.com/images/M/MV5BNGEyOGJiNWEtMTgwMi00ODU4LTlkMjItZWI4NjFmMzgxZGY2XkEyXkFqcGdeQXVyNjcyNjcyMzQ@._V1_UY67_CR0,0,45,67_AL_.jpg",/title/tt1190634/?pf_rd_m=A2FGELUUNOQJNL&pf_rd_p=12230b0e-0e00-43ed-9e59-8d5353703cce&pf_rd_r=843TAJFVZW5N5QCWQMQ1&pf_rd_s=center-1&pf_rd_t=15506&pf_rd_i=toptv&ref_=chttvtp_tt_100
101,Vratice se rode,(2007),"Nikola Djuricko, Dragan Bjelogrlic",8.6,"https://m.media-amazon.com/images/M/MV5BMDJlYmI2NmEtZWZkMy00MTVlLTg1NzAtNjAxYWM5NWI0YmJiXkEyXkFqcGdeQXVyMzIwMTIwODc@._V1_UY67_CR1,0,45,67_AL_.jpg",/title/tt1043822/?pf_rd_m=A2FGELUUNOQJNL&pf_rd_p=12230b0e-0e00-43ed-9e59-8d5353703cce&pf_rd_r=843TAJFVZW5N5QCWQMQ1&pf_rd_s=center-1&pf_rd_t=15506&pf_rd_i=toptv&ref_=chttvtp_tt_101
102,House of Cards,(2013),"Kevin Spacey, Michel Gill",8.6,"https://m.media-amazon.com/images/M/MV5BODM1MDU2NjY5NF5BMl5BanBnXkFtZTgwMDkxNTcwNjM@._V1_UY67_CR0,0,45,67_AL_.jpg",/title/tt1856010/?pf_rd_m=A2FGELUUNOQJNL&pf_rd_p=12230b0e-0e00-43ed-9e59-8d5353703cce&pf_rd_r=843TAJFVZW5N5QCWQMQ1&pf_rd_s=center-1&pf_rd_t=15506&pf_rd_i=toptv&ref_=chttvtp_tt_102
103,The Thick of It,(2005),"Chris Addison, James Smith",8.6,"https://m.media-amazon.com/images/M/MV5BZjc0ZDA5OTItYzhjNi00ZTJjLTg4OTYtZjk3NzBhODRlMTViXkEyXkFqcGdeQXVyMjc5OTMxMzQ@._V1_UY67_CR1,0,45,67_AL_.jpg",/title/tt0459159/?pf_rd_m=A2FGELUUNOQJNL&pf_rd_p=12230b0e-0e00-43ed-9e59-8d5353703cce&pf_rd_r=843TAJFVZW5N5QCWQMQ1&pf_rd_s=center-1&pf_rd_t=15506&pf_rd_i=toptv&ref_=chttvtp_tt_103
104,South Park,(1997),"Trey Parker, Matt Stone",8.6,"https://m.media-amazon.com/images/M/MV5BOGE2YWUzMDItNTg2Ny00NTUzLTlmZGYtNWMyNzVjMjQ3MThkXkEyXkFqcGdeQXVyNTA4NzY1MzY@._V1_UY67_CR0,0,45,67_AL_.jpg",/title/tt0121955/?pf_rd_m=A2FGELUUNOQJNL&pf_rd_p=12230b0e-0e00-43ed-9e59-8d5353703cce&pf_rd_r=843TAJFVZW5N5QCWQMQ1&pf_rd_s=center-1&pf_rd_t=15506&pf_rd_i=toptv&ref_=chttvtp_tt_104
105,One Strange Rock,(2018),"Will Smith, Chris Hadfield",8.6,"https://m.media-amazon.com/images/M/MV5BMzBlYjhmYTMtNzY1ZS00ZGU2LWFmMzktYTg5ZGU1N2JlMGRmXkEyXkFqcGdeQXVyMTg3MDg4NzM@._V1_UY67_CR0,0,45,67_AL_.jpg",/title/tt7651892/?pf_rd_m=A2FGELUUNOQJNL&pf_rd_p=12230b0e-0e00-43ed-9e59-8d5353703cce&pf_rd_r=843TAJFVZW5N5QCWQMQ1&pf_rd_s=center-1&pf_rd_t=15506&pf_rd_i=toptv&ref_=chttvtp_tt_105
106,Mahabharat,(1988),"Harish Bhimani, Nitish Bharadwaj",8.6,"https://m.media-amazon.com/images/M/MV5BZDZkZGUxNmEtOWM0MC00ODJkLWEyYzgtNDJjMzJkZWQ4MjdkXkEyXkFqcGdeQXVyODAzNzAwOTU@._V1_UY67_CR2,0,45,67_AL_.jpg",/title/tt0158417/?pf_rd_m=A2FGELUUNOQJNL&pf_rd_p=12230b0e-0e00-43ed-9e59-8d5353703cce&pf_rd_r=843TAJFVZW5N5QCWQMQ1&pf_rd_s=center-1&pf_rd_t=15506&pf_rd_i=toptv&ref_=chttvtp_tt_106
107,One Piece,(1999),"Mayumi Tanaka, Tony Beck",8.6,"https://m.media-amazon.com/images/M/MV5BODcwNWE3OTMtMDc3MS00NDFjLWE1OTAtNDU3NjgxODMxY2UyXkEyXkFqcGdeQXVyNTAyODkwOQ@@._V1_UX45_CR0,0,45,67_AL_.jpg",/title/tt0388629/?pf_rd_m=A2FGELUUNOQJNL&pf_rd_p=12230b0e-0e00-43ed-9e59-8d5353703cce&pf_rd_r=843TAJFVZW5N5QCWQMQ1&pf_rd_s=center-1&pf_rd_t=15506&pf_rd_i=toptv&ref_=chttvtp_tt_107
108,The Jinx: The Life and Deaths of Robert Durst,(2015),"Robert Durst, Andrew Jarecki",8.6,"https://m.media-amazon.com/images/M/MV5BMjI0OTc3MzY5Ml5BMl5BanBnXkFtZTgwNjk3MDUyNDE@._V1_UY67_CR0,0,45,67_AL_.jpg",/title/tt4299972/?pf_rd_m=A2FGELUUNOQJNL&pf_rd_p=12230b0e-0e00-43ed-9e59-8d5353703cce&pf_rd_r=843TAJFVZW5N5QCWQMQ1&pf_rd_s=center-1&pf_rd_t=15506&pf_rd_i=toptv&ref_=chttvtp_tt_108
109,Battlestar Galactica,(2004),"Edward James Olmos, Mary McDonnell",8.6,"https://m.media-amazon.com/images/M/MV5BZjBjMjk4YWQtZjY1MC00NTI5LWEwZDMtYWMyYjk2MjkzMThhXkEyXkFqcGdeQXVyNzA5NjUyNjM@._V1_UY67_CR0,0,45,67_AL_.jpg",/title/tt0407362/?pf_rd_m=A2FGELUUNOQJNL&pf_rd_p=12230b0e-0e00-43ed-9e59-8d5353703cce&pf_rd_r=843TAJFVZW5N5QCWQMQ1&pf_rd_s=center-1&pf_rd_t=15506&pf_rd_i=toptv&ref_=chttvtp_tt_109
110,Haikyuu!!,(2014),"Ayumu Murase, Kaito Ishikawa",8.6,"https://m.media-amazon.com/images/M/MV5BNzQ1MmJjZDUtMmI5OC00ZDk2LThkODQtODgwYmU0MTIzNDhmXkEyXkFqcGdeQXVyNDgyODgxNjE@._V1_UX45_CR0,0,45,67_AL_.jpg",/title/tt3398540/?pf_rd_m=A2FGELUUNOQJNL&pf_rd_p=12230b0e-0e00-43ed-9e59-8d5353703cce&pf_rd_r=843TAJFVZW5N5QCWQMQ1&pf_rd_s=center-1&pf_rd_t=15506&pf_rd_i=toptv&ref_=chttvtp_tt_110
111,Forensic Files,(1996),"Peter Thomas, Tom Bevel",8.6,"https://m.media-amazon.com/images/M/MV5BZDU5Njk0MWUtY2VmYy00NDA4LTljOTEtNmU5N2MwYzViZWYxXkEyXkFqcGdeQXVyMzQ5OTk4OQ@@._V1_UY67_CR0,0,45,67_AL_.jpg",/title/tt0247882/?pf_rd_m=A2FGELUUNOQJNL&pf_rd_p=12230b0e-0e00-43ed-9e59-8d5353703cce&pf_rd_r=843TAJFVZW5N5QCWQMQ1&pf_rd_s=center-1&pf_rd_t=15506&pf_rd_i=toptv&ref_=chttvtp_tt_111
112,Sarabhai V/S Sarabhai,(2004),"Satish Shah, Ratna Pathak Shah",8.6,"https://m.media-amazon.com/images/M/MV5BNjYxNzBhMmQtZjM4Yy00MGZiLWFmNDAtYmVkZGM0MWNlMTU3XkEyXkFqcGdeQXVyNTA4NzY1MzY@._V1_UY67_CR0,0,45,67_AL_.jpg",/title/tt1518542/?pf_rd_m=A2FGELUUNOQJNL&pf_rd_p=12230b0e-0e00-43ed-9e59-8d5353703cce&pf_rd_r=843TAJFVZW5N5QCWQMQ1&pf_rd_s=center-1&pf_rd_t=15506&pf_rd_i=toptv&ref_=chttvtp_tt_112
113,The Simpsons,(1989),"Dan Castellaneta, Nancy Cartwright",8.6,"https://m.media-amazon.com/images/M/MV5BYjFkMTlkYWUtZWFhNy00M2FmLThiOTYtYTRiYjVlZWYxNmJkXkEyXkFqcGdeQXVyNTAyODkwOQ@@._V1_UX45_CR0,0,45,67_AL_.jpg",/title/tt0096697/?pf_rd_m=A2FGELUUNOQJNL&pf_rd_p=12230b0e-0e00-43ed-9e59-8d5353703cce&pf_rd_r=843TAJFVZW5N5QCWQMQ1&pf_rd_s=center-1&pf_rd_t=15506&pf_rd_i=toptv&ref_=chttvtp_tt_113
114,Yeh Meri Family,(2018),"Vishesh Bansal, Mona Singh",8.6,"https://m.media-amazon.com/images/M/MV5BZWMxMjBiZmUtMjM1Yi00ODk4LWE4MjctNmFlYzIzNmE4MmU4XkEyXkFqcGdeQXVyNzEyNTM4MTU@._V1_UY67_CR1,0,45,67_AL_.jpg",/title/tt8595766/?pf_rd_m=A2FGELUUNOQJNL&pf_rd_p=12230b0e-0e00-43ed-9e59-8d5353703cce&pf_rd_r=843TAJFVZW5N5QCWQMQ1&pf_rd_s=center-1&pf_rd_t=15506&pf_rd_i=toptv&ref_=chttvtp_tt_114
115,House,(2004),"Hugh Laurie, Omar Epps",8.6,"https://m.media-amazon.com/images/M/MV5BMDA4NjQzN2ItZDhhNC00ZjVlLWFjNTgtMTEyNDQyOGNjMDE1XkEyXkFqcGdeQXVyNTA4NzY1MzY@._V1_UY67_CR0,0,45,67_AL_.jpg",/title/tt0412142/?pf_rd_m=A2FGELUUNOQJNL&pf_rd_p=12230b0e-0e00-43ed-9e59-8d5353703cce&pf_rd_r=843TAJFVZW5N5QCWQMQ1&pf_rd_s=center-1&pf_rd_t=15506&pf_rd_i=toptv&ref_=chttvtp_tt_115
116,Jujutsu Kaisen,(2020),"Junya Enoki, Yûichi Nakamura",8.6,"https://m.media-amazon.com/images/M/MV5BNzQyYzU3Y2MtOWY2Yy00ZGM2LTg3ZTUtMDJkZTJiMmEzMjYxXkEyXkFqcGdeQXVyMTI2NTY3NDg5._V1_UY67_CR4,0,45,67_AL_.jpg",/title/tt12343534/?pf_rd_m=A2FGELUUNOQJNL&pf_rd_p=12230b0e-0e00-43ed-9e59-8d5353703cce&pf_rd_r=843TAJFVZW5N5QCWQMQ1&pf_rd_s=center-1&pf_rd_t=15506&pf_rd_i=toptv&ref_=chttvtp_tt_116
117,The Shield,(2002),"Michael Chiklis, Catherine Dent",8.6,"https://m.media-amazon.com/images/M/MV5BMTcwNzQwODI5NV5BMl5BanBnXkFtZTcwNzQxMjI5MQ@@._V1_UX45_CR0,0,45,67_AL_.jpg",/title/tt0286486/?pf_rd_m=A2FGELUUNOQJNL&pf_rd_p=12230b0e-0e00-43ed-9e59-8d5353703cce&pf_rd_r=843TAJFVZW5N5QCWQMQ1&pf_rd_s=center-1&pf_rd_t=15506&pf_rd_i=toptv&ref_=chttvtp_tt_117
118,Berserk,(1997),"Nobutoshi Canna, Marc Diraison",8.6,"https://m.media-amazon.com/images/M/MV5BYWE1YTU4NmYtMTY2Ni00NDIxLTgwMzYtNWJjYWE4MDE5OTE1XkEyXkFqcGdeQXVyNjc2NjA5MTU@._V1_UY67_CR1,0,45,67_AL_.jpg",/title/tt0318871/?pf_rd_m=A2FGELUUNOQJNL&pf_rd_p=12230b0e-0e00-43ed-9e59-8d5353703cce&pf_rd_r=843TAJFVZW5N5QCWQMQ1&pf_rd_s=center-1&pf_rd_t=15506&pf_rd_i=toptv&ref_=chttvtp_tt_118
119,Still Game,(2002),"Ford Kiernan, Greg Hemphill",8.6,"https://m.media-amazon.com/images/M/MV5BMTIwNTQwMDIwNV5BMl5BanBnXkFtZTcwMzExMzAzMQ@@._V1_UY67_CR0,0,45,67_AL_.jpg",/title/tt0281491/?pf_rd_m=A2FGELUUNOQJNL&pf_rd_p=12230b0e-0e00-43ed-9e59-8d5353703cce&pf_rd_r=843TAJFVZW5N5QCWQMQ1&pf_rd_s=center-1&pf_rd_t=15506&pf_rd_i=toptv&ref_=chttvtp_tt_119
120,The Case-Book of Sherlock Holmes,(1991),"Jeremy Brett, Edward Hardwicke",8.6,"https://m.media-amazon.com/images/M/MV5BZDcwN2FjNmQtOTc3MC00NjkzLWFiNTItODczMGNkNDFlZDQwXkEyXkFqcGdeQXVyNTE1MDE2MzY@._V1_UX45_CR0,0,45,67_AL_.jpg",/title/tt0098765/?pf_rd_m=A2FGELUUNOQJNL&pf_rd_p=12230b0e-0e00-43ed-9e59-8d5353703cce&pf_rd_r=843TAJFVZW5N5QCWQMQ1&pf_rd_s=center-1&pf_rd_t=15506&pf_rd_i=toptv&ref_=chttvtp_tt_120
121,Line of Duty,(2012),"Martin Compston, Vicky McClure",8.6,"https://m.media-amazon.com/images/M/MV5BMTExZDZjNTMtNDVmNy00ZTk2LWFiMzUtZDlkZGRlOGU0ZWRmXkEyXkFqcGdeQXVyMjExMjk0ODk@._V1_UY67_CR1,0,45,67_AL_.jpg",/title/tt2303687/?pf_rd_m=A2FGELUUNOQJNL&pf_rd_p=12230b0e-0e00-43ed-9e59-8d5353703cce&pf_rd_r=843TAJFVZW5N5QCWQMQ1&pf_rd_s=center-1&pf_rd_t=15506&pf_rd_i=toptv&ref_=chttvtp_tt_121
122,Primal,(2019),"Aaron LaPlante, Tom Kenny",8.6,"https://m.media-amazon.com/images/M/MV5BYjk3Y2U3NjEtMjNhYi00YTZmLWEzOTgtZWI4N2Y4NzlmNWExXkEyXkFqcGdeQXVyODk2MzQ0OTc@._V1_UY67_CR2,0,45,67_AL_.jpg",/title/tt10332508/?pf_rd_m=A2FGELUUNOQJNL&pf_rd_p=12230b0e-0e00-43ed-9e59-8d5353703cce&pf_rd_r=843TAJFVZW5N5QCWQMQ1&pf_rd_s=center-1&pf_rd_t=15506&pf_rd_i=toptv&ref_=chttvtp_tt_122
123,The Crown,(2016),"Claire Foy, Olivia Colman",8.6,"https://m.media-amazon.com/images/M/MV5BZmY0MzBlNjctNTRmNy00Njk3LWFjMzctMWQwZDAwMGJmY2MyXkEyXkFqcGdeQXVyMDM2NDM2MQ@@._V1_UY67_CR0,0,45,67_AL_.jpg",/title/tt4786824/?pf_rd_m=A2FGELUUNOQJNL&pf_rd_p=12230b0e-0e00-43ed-9e59-8d5353703cce&pf_rd_r=843TAJFVZW5N5QCWQMQ1&pf_rd_s=center-1&pf_rd_t=15506&pf_rd_i=toptv&ref_=chttvtp_tt_123
124,Greatest Events of WWII in Colour,(2019),"Derek Jacobi, Geoffrey Wawro",8.6,"https://m.media-amazon.com/images/M/MV5BOTQzNWM1ZWEtMDkzNS00MmE1LWEyODgtMTJlZjdjYmRhMWE0XkEyXkFqcGdeQXVyMTMxODk2OTU@._V1_UY67_CR1,0,45,67_AL_.jpg",/title/tt9103932/?pf_rd_m=A2FGELUUNOQJNL&pf_rd_p=12230b0e-0e00-43ed-9e59-8d5353703cce&pf_rd_r=843TAJFVZW5N5QCWQMQ1&pf_rd_s=center-1&pf_rd_t=15506&pf_rd_i=toptv&ref_=chttvtp_tt_124
125,The Grand Tour,(2016),"Jeremy Clarkson, James May",8.6,"https://m.media-amazon.com/images/M/MV5BYjkyOWIyZGYtYzU3ZS00NWM2LThjZGEtMDZjZjg2MTI2NzBhXkEyXkFqcGdeQXVyNjI4OTg2Njg@._V1_UX45_CR0,0,45,67_AL_.jpg",/title/tt5712554/?pf_rd_m=A2FGELUUNOQJNL&pf_rd_p=12230b0e-0e00-43ed-9e59-8d5353703cce&pf_rd_r=843TAJFVZW5N5QCWQMQ1&pf_rd_s=center-1&pf_rd_t=15506&pf_rd_i=toptv&ref_=chttvtp_tt_125
126,Lonesome Dove,(1989),"Robert Duvall, Tommy Lee Jones",8.6,"https://m.media-amazon.com/images/M/MV5BNjQwZDQyZjktOGQ4ZC00NzAxLTk5YTUtY2VkNWJkYmUyYzAyXkEyXkFqcGdeQXVyNzIwNDA4NzI@._V1_UY67_CR2,0,45,67_AL_.jpg",/title/tt0096639/?pf_rd_m=A2FGELUUNOQJNL&pf_rd_p=12230b0e-0e00-43ed-9e59-8d5353703cce&pf_rd_r=843TAJFVZW5N5QCWQMQ1&pf_rd_s=center-1&pf_rd_t=15506&pf_rd_i=toptv&ref_=chttvtp_tt_126
127,Downton Abbey,(2010),"Hugh Bonneville, Phyllis Logan",8.6,"https://m.media-amazon.com/images/M/MV5BY2U1NmIwYzgtNjFkOS00YWUxLTg0YTMtZmE5NTA3YjRmY2NlXkEyXkFqcGdeQXVyNTA4NzY1MzY@._V1_UY67_CR1,0,45,67_AL_.jpg",/title/tt1606375/?pf_rd_m=A2FGELUUNOQJNL&pf_rd_p=12230b0e-0e00-43ed-9e59-8d5353703cce&pf_rd_r=843TAJFVZW5N5QCWQMQ1&pf_rd_s=center-1&pf_rd_t=15506&pf_rd_i=toptv&ref_=chttvtp_tt_127
128,Fighting Spirit,(2000),"Steve Staley, Richard Epcar",8.6,"https://m.media-amazon.com/images/M/MV5BMTUyMDQwNjkyM15BMl5BanBnXkFtZTcwODQyMjE1MQ@@._V1_UY67_CR1,0,45,67_AL_.jpg",/title/tt0481256/?pf_rd_m=A2FGELUUNOQJNL&pf_rd_p=12230b0e-0e00-43ed-9e59-8d5353703cce&pf_rd_r=843TAJFVZW5N5QCWQMQ1&pf_rd_s=center-1&pf_rd_t=15506&pf_rd_i=toptv&ref_=chttvtp_tt_128
129,Succession,(2018),"Nicholas Braun, Sarah Snook",8.6,"https://m.media-amazon.com/images/M/MV5BZDMyY2I0ZjEtMzc4Yi00MTQxLWI1MWYtOWJjNjIwMTMyYWFjXkEyXkFqcGdeQXVyMTkxNjUyNQ@@._V1_UY67_CR0,0,45,67_AL_.jpg",/title/tt7660850/?pf_rd_m=A2FGELUUNOQJNL&pf_rd_p=12230b0e-0e00-43ed-9e59-8d5353703cce&pf_rd_r=843TAJFVZW5N5QCWQMQ1&pf_rd_s=center-1&pf_rd_t=15506&pf_rd_i=toptv&ref_=chttvtp_tt_129
130,Demon Slayer: Kimetsu no Yaiba,(2019),"Natsuki Hanae, Zach Aguilar",8.6,"https://m.media-amazon.com/images/M/MV5BZjZjNzI5MDctY2Y4YS00NmM4LTljMmItZTFkOTExNGI3ODRhXkEyXkFqcGdeQXVyNjc3MjQzNTI@._V1_UY67_CR1,0,45,67_AL_.jpg",/title/tt9335498/?pf_rd_m=A2FGELUUNOQJNL&pf_rd_p=12230b0e-0e00-43ed-9e59-8d5353703cce&pf_rd_r=843TAJFVZW5N5QCWQMQ1&pf_rd_s=center-1&pf_rd_t=15506&pf_rd_i=toptv&ref_=chttvtp_tt_130
131,World War II in Colour,(2009),"Robert Powell, Swaylee Loughnane",8.6,"https://m.media-amazon.com/images/M/MV5BZTE2MDlmYTUtYTQwOC00MzA4LTkwNzQtOTJmMjdhMTdlMTM4XkEyXkFqcGdeQXVyNjQ0MjU4NDM@._V1_UY67_CR1,0,45,67_AL_.jpg",/title/tt2069688/?pf_rd_m=A2FGELUUNOQJNL&pf_rd_p=12230b0e-0e00-43ed-9e59-8d5353703cce&pf_rd_r=843TAJFVZW5N5QCWQMQ1&pf_rd_s=center-1&pf_rd_t=15506&pf_rd_i=toptv&ref_=chttvtp_tt_131
132,Top Gear,(2002),"Jeremy Clarkson, Richard Hammond",8.6,"https://m.media-amazon.com/images/M/MV5BYzkwZDgwZmQtOWE4Yy00ZjgyLTgxZTYtZTRiMTg5MWY4NTFiXkEyXkFqcGdeQXVyNTA4NzY1MzY@._V1_UY67_CR1,0,45,67_AL_.jpg",/title/tt1628033/?pf_rd_m=A2FGELUUNOQJNL&pf_rd_p=12230b0e-0e00-43ed-9e59-8d5353703cce&pf_rd_r=843TAJFVZW5N5QCWQMQ1&pf_rd_s=center-1&pf_rd_t=15506&pf_rd_i=toptv&ref_=chttvtp_tt_132
133,Deadwood,(2004),"Timothy Olyphant, Ian McShane",8.6,"https://m.media-amazon.com/images/M/MV5BNDJhMjUzMDYtNzc4MS00Nzk2LTkyMGQtN2M5NTczYTZmYmY5XkEyXkFqcGdeQXVyMzU3MTc5OTE@._V1_UY67_CR0,0,45,67_AL_.jpg",/title/tt0348914/?pf_rd_m=A2FGELUUNOQJNL&pf_rd_p=12230b0e-0e00-43ed-9e59-8d5353703cce&pf_rd_r=843TAJFVZW5N5QCWQMQ1&pf_rd_s=center-1&pf_rd_t=15506&pf_rd_i=toptv&ref_=chttvtp_tt_133
134,Formula 1: Drive to Survive,(2019),"Valtteri Bottas, Will Buxton",8.6,"https://m.media-amazon.com/images/M/MV5BMzVkMGU0YWMtOWQxMC00MjFhLTg1NjAtMDFlZTZlYzJlMjlhXkEyXkFqcGdeQXVyMTMxODk2OTU@._V1_UY67_CR1,0,45,67_AL_.jpg",/title/tt8289930/?pf_rd_m=A2FGELUUNOQJNL&pf_rd_p=12230b0e-0e00-43ed-9e59-8d5353703cce&pf_rd_r=843TAJFVZW5N5QCWQMQ1&pf_rd_s=center-1&pf_rd_t=15506&pf_rd_i=toptv&ref_=chttvtp_tt_134
135,Atlanta,(2016),"Donald Glover, Brian Tyree Henry",8.6,"https://m.media-amazon.com/images/M/MV5BOTNiYmVjNjktZDhhNy00NGQ0LTg0YzYtYWVlMTVjMTQyMDU5XkEyXkFqcGdeQXVyMzY0MTE3NzU@._V1_UX45_CR0,0,45,67_AL_.jpg",/title/tt4288182/?pf_rd_m=A2FGELUUNOQJNL&pf_rd_p=12230b0e-0e00-43ed-9e59-8d5353703cce&pf_rd_r=843TAJFVZW5N5QCWQMQ1&pf_rd_s=center-1&pf_rd_t=15506&pf_rd_i=toptv&ref_=chttvtp_tt_135
136,Star Trek: The Next Generation,(1987),"Patrick Stewart, Brent Spiner",8.6,"https://m.media-amazon.com/images/M/MV5BOWFhYjE4NzMtOWJmZi00NzEyLTg5NTctYmIxMTU1ZDIxMDAyXkEyXkFqcGdeQXVyNTE1NjY5Mg@@._V1_UY67_CR1,0,45,67_AL_.jpg",/title/tt0092455/?pf_rd_m=A2FGELUUNOQJNL&pf_rd_p=12230b0e-0e00-43ed-9e59-8d5353703cce&pf_rd_r=843TAJFVZW5N5QCWQMQ1&pf_rd_s=center-1&pf_rd_t=15506&pf_rd_i=toptv&ref_=chttvtp_tt_136
137,Bron/Broen,(2011),"Sofia Helin, Rafael Pettersson",8.6,"https://m.media-amazon.com/images/M/MV5BMjQ3MDAzNDU4NV5BMl5BanBnXkFtZTgwNjE2NDQ0NzE@._V1_UY67_CR1,0,45,67_AL_.jpg",/title/tt1733785/?pf_rd_m=A2FGELUUNOQJNL&pf_rd_p=12230b0e-0e00-43ed-9e59-8d5353703cce&pf_rd_r=843TAJFVZW5N5QCWQMQ1&pf_rd_s=center-1&pf_rd_t=15506&pf_rd_i=toptv&ref_=chttvtp_tt_137
138,Code Geass,(2006),"Jun Fukuyama, Johnny Yong Bosch",8.6,"https://m.media-amazon.com/images/M/MV5BYmEyM2VlZWItNWY4Ni00YmY2LWE3YTAtYjljMmU1MWEyYmZiXkEyXkFqcGdeQXVyNTA4NzY1MzY@._V1_UY67_CR2,0,45,67_AL_.jpg",/title/tt0994314/?pf_rd_m=A2FGELUUNOQJNL&pf_rd_p=12230b0e-0e00-43ed-9e59-8d5353703cce&pf_rd_r=843TAJFVZW5N5QCWQMQ1&pf_rd_s=center-1&pf_rd_t=15506&pf_rd_i=toptv&ref_=chttvtp_tt_138
139,The Universe,(2007),"Erik Thompson, Alex Filippenko",8.6,"https://m.media-amazon.com/images/M/MV5BMTQ5NTQ4NjE5Ml5BMl5BanBnXkFtZTgwMDk1NjE0MzE@._V1_UY67_CR0,0,45,67_AL_.jpg",/title/tt1051155/?pf_rd_m=A2FGELUUNOQJNL&pf_rd_p=12230b0e-0e00-43ed-9e59-8d5353703cce&pf_rd_r=843TAJFVZW5N5QCWQMQ1&pf_rd_s=center-1&pf_rd_t=15506&pf_rd_i=toptv&ref_=chttvtp_tt_139
140,Mad Men,(2007),"Jon Hamm, Elisabeth Moss",8.6,"https://m.media-amazon.com/images/M/MV5BNTgxNDZlODQtNDcwOC00NWQ5LTljNWMtMDhjY2U5YTUzMTc4XkEyXkFqcGdeQXVyMDA4NzMyOA@@._V1_UX45_CR0,0,45,67_AL_.jpg",/title/tt0804503/?pf_rd_m=A2FGELUUNOQJNL&pf_rd_p=12230b0e-0e00-43ed-9e59-8d5353703cce&pf_rd_r=843TAJFVZW5N5QCWQMQ1&pf_rd_s=center-1&pf_rd_t=15506&pf_rd_i=toptv&ref_=chttvtp_tt_140
141,Blackadder II,(1986),"Rowan Atkinson, Tony Robinson",8.6,"https://m.media-amazon.com/images/M/MV5BMTI4NDc1NDg0N15BMl5BanBnXkFtZTYwNjk0MTc5._V1_UY67_CR1,0,45,67_AL_.jpg",/title/tt0088484/?pf_rd_m=A2FGELUUNOQJNL&pf_rd_p=12230b0e-0e00-43ed-9e59-8d5353703cce&pf_rd_r=843TAJFVZW5N5QCWQMQ1&pf_rd_s=center-1&pf_rd_t=15506&pf_rd_i=toptv&ref_=chttvtp_tt_141
142,Westworld,(2016),"Evan Rachel Wood, Jeffrey Wright",8.6,"https://m.media-amazon.com/images/M/MV5BMTRmYzNmOTctZjMwOS00ODZlLWJiZGQtNDg5NDY5NjE3MTczXkEyXkFqcGdeQXVyMDM2NDM2MQ@@._V1_UY67_CR0,0,45,67_AL_.jpg",/title/tt0475784/?pf_rd_m=A2FGELUUNOQJNL&pf_rd_p=12230b0e-0e00-43ed-9e59-8d5353703cce&pf_rd_r=843TAJFVZW5N5QCWQMQ1&pf_rd_s=center-1&pf_rd_t=15506&pf_rd_i=toptv&ref_=chttvtp_tt_142
143,Parks and Recreation,(2009),"Amy Poehler, Jim O'Heir",8.6,"https://m.media-amazon.com/images/M/MV5BMjA5MjUxNDgwNF5BMl5BanBnXkFtZTgwMDI5NjMwNDE@._V1_UY67_CR2,0,45,67_AL_.jpg",/title/tt1266020/?pf_rd_m=A2FGELUUNOQJNL&pf_rd_p=12230b0e-0e00-43ed-9e59-8d5353703cce&pf_rd_r=843TAJFVZW5N5QCWQMQ1&pf_rd_s=center-1&pf_rd_t=15506&pf_rd_i=toptv&ref_=chttvtp_tt_143
144,The Bureau,(2015),"Mathieu Kassovitz, Florence Loiret Caille",8.6,"https://m.media-amazon.com/images/M/MV5BOGRmMDEwOWUtNGI0Ny00YWY3LTkxNmEtZTkwN2FjMjU1YzgwXkEyXkFqcGdeQXVyNTk0MTE2NzU@._V1_UY67_CR2,0,45,67_AL_.jpg",/title/tt4063800/?pf_rd_m=A2FGELUUNOQJNL&pf_rd_p=12230b0e-0e00-43ed-9e59-8d5353703cce&pf_rd_r=843TAJFVZW5N5QCWQMQ1&pf_rd_s=center-1&pf_rd_t=15506&pf_rd_i=toptv&ref_=chttvtp_tt_144
145,Monster,(2004),"Hidenobu Kiuchi, Liam O'Brien",8.6,"https://m.media-amazon.com/images/M/MV5BMzZkOGE4OTItM2RlZi00ZGM5LTlhMDAtZWQxOTlhYTM5NmZkXkEyXkFqcGdeQXVyMTI2OTMwNDcw._V1_UY67_CR1,0,45,67_AL_.jpg",/title/tt0434706/?pf_rd_m=A2FGELUUNOQJNL&pf_rd_p=12230b0e-0e00-43ed-9e59-8d5353703cce&pf_rd_r=843TAJFVZW5N5QCWQMQ1&pf_rd_s=center-1&pf_rd_t=15506&pf_rd_i=toptv&ref_=chttvtp_tt_145
146,The X-Files,(1993),"David Duchovny, Gillian Anderson",8.6,"https://m.media-amazon.com/images/M/MV5BZDA0MmM4YzUtMzYwZC00OGI2LWE0ODctNzNhNTkwN2FmNTVhXkEyXkFqcGdeQXVyNTA4NzY1MzY@._V1_UY67_CR0,0,45,67_AL_.jpg",/title/tt0106179/?pf_rd_m=A2FGELUUNOQJNL&pf_rd_p=12230b0e-0e00-43ed-9e59-8d5353703cce&pf_rd_r=843TAJFVZW5N5QCWQMQ1&pf_rd_s=center-1&pf_rd_t=15506&pf_rd_i=toptv&ref_=chttvtp_tt_146
147,Gomorrah,(2014),"Salvatore Esposito, Marco D'Amore",8.6,"https://m.media-amazon.com/images/M/MV5BMTgzNmNjZGQtMjM3ZC00Y2Y2LTlkZGItM2EwNTM2MmUyMDExXkEyXkFqcGdeQXVyMTMxNjUyMDkx._V1_UY67_CR0,0,45,67_AL_.jpg",/title/tt2049116/?pf_rd_m=A2FGELUUNOQJNL&pf_rd_p=12230b0e-0e00-43ed-9e59-8d5353703cce&pf_rd_r=843TAJFVZW5N5QCWQMQ1&pf_rd_s=center-1&pf_rd_t=15506&pf_rd_i=toptv&ref_=chttvtp_tt_147
148,Friday Night Lights,(2006),"Kyle Chandler, Connie Britton",8.6,"https://m.media-amazon.com/images/M/MV5BYTkxZDVhZGItZjM3Yi00YTU1LTk2ZDYtYTI4NTg2Mjc0NWY1XkEyXkFqcGdeQXVyNTA4NzY1MzY@._V1_UY67_CR2,0,45,67_AL_.jpg",/title/tt0758745/?pf_rd_m=A2FGELUUNOQJNL&pf_rd_p=12230b0e-0e00-43ed-9e59-8d5353703cce&pf_rd_r=843TAJFVZW5N5QCWQMQ1&pf_rd_s=center-1&pf_rd_t=15506&pf_rd_i=toptv&ref_=chttvtp_tt_148
149,Critical Role,(2015),"Liam O'Brien, Taliesin Jaffe",8.6,"https://m.media-amazon.com/images/M/MV5BYjNjZDliYmItZDE0NC00ZGY3LTk0ZDEtZGI5MjAxZjQwMDE4XkEyXkFqcGdeQXVyMjM5NzU3OTM@._V1_UY67_CR3,0,45,67_AL_.jpg",/title/tt4834232/?pf_rd_m=A2FGELUUNOQJNL&pf_rd_p=12230b0e-0e00-43ed-9e59-8d5353703cce&pf_rd_r=843TAJFVZW5N5QCWQMQ1&pf_rd_s=center-1&pf_rd_t=15506&pf_rd_i=toptv&ref_=chttvtp_tt_149
150,Peep Show,(2003),"David Mitchell, Robert Webb",8.6,"https://m.media-amazon.com/images/M/MV5BZjYwMWJhOWMtZTc5ZC00MGY0LTg0ZjktMzFhODhhZGZhNDRjXkEyXkFqcGdeQXVyNTA4NzY1MzY@._V1_UX45_CR0,0,45,67_AL_.jpg",/title/tt0387764/?pf_rd_m=A2FGELUUNOQJNL&pf_rd_p=12230b0e-0e00-43ed-9e59-8d5353703cce&pf_rd_r=843TAJFVZW5N5QCWQMQ1&pf_rd_s=center-1&pf_rd_t=15506&pf_rd_i=toptv&ref_=chttvtp_tt_150
151,Mister Rogers' Neighborhood,(1968),"Fred Rogers, Betty Aberlin",8.6,"https://m.media-amazon.com/images/M/MV5BNTg5ZTkyNmItYjYwZC00NTM4LTg2NWItMjEwODczZmUyZjFjXkEyXkFqcGdeQXVyNzcyMTE4NzU@._V1_UX45_CR0,0,45,67_AL_.jpg",/title/tt0062588/?pf_rd_m=A2FGELUUNOQJNL&pf_rd_p=12230b0e-0e00-43ed-9e59-8d5353703cce&pf_rd_r=843TAJFVZW5N5QCWQMQ1&pf_rd_s=center-1&pf_rd_t=15506&pf_rd_i=toptv&ref_=chttvtp_tt_151
152,Crash Landing on You,(2019),"Hyun Bin, Son Ye-jin",8.6,"https://m.media-amazon.com/images/M/MV5BMzRiZWUyN2YtNDI4YS00NTg2LTg0OTgtMGI2ZjU4ODQ4Yjk3XkEyXkFqcGdeQXVyNTI5NjIyMw@@._V1_UY67_CR1,0,45,67_AL_.jpg",/title/tt10850932/?pf_rd_m=A2FGELUUNOQJNL&pf_rd_p=12230b0e-0e00-43ed-9e59-8d5353703cce&pf_rd_r=843TAJFVZW5N5QCWQMQ1&pf_rd_s=center-1&pf_rd_t=15506&pf_rd_i=toptv&ref_=chttvtp_tt_152
153,This Is Us,(2016),"Milo Ventimiglia, Mandy Moore",8.6,"https://m.media-amazon.com/images/M/MV5BYjNlOWY2OWEtMGQyOC00YWQ4LWJkMjUtYzU4NGEzNjM2MWY0XkEyXkFqcGdeQXVyODUxOTU0OTg@._V1_UY67_CR0,0,45,67_AL_.jpg",/title/tt5555260/?pf_rd_m=A2FGELUUNOQJNL&pf_rd_p=12230b0e-0e00-43ed-9e59-8d5353703cce&pf_rd_r=843TAJFVZW5N5QCWQMQ1&pf_rd_s=center-1&pf_rd_t=15506&pf_rd_i=toptv&ref_=chttvtp_tt_153
154,The Eric Andre Show,(2012),"Eric André, Hannibal Buress",8.6,"https://m.media-amazon.com/images/M/MV5BZWI4YTVhYmMtZmZjNS00MmFjLTkyMDItNzcxYjVjZjZmODliXkEyXkFqcGdeQXVyMzM4NjcxOTc@._V1_UY67_CR0,0,45,67_AL_.jpg",/title/tt2244495/?pf_rd_m=A2FGELUUNOQJNL&pf_rd_p=12230b0e-0e00-43ed-9e59-8d5353703cce&pf_rd_r=843TAJFVZW5N5QCWQMQ1&pf_rd_s=center-1&pf_rd_t=15506&pf_rd_i=toptv&ref_=chttvtp_tt_154
155,The Haunting of Hill House,(2018),"Michiel Huisman, Carla Gugino",8.6,"https://m.media-amazon.com/images/M/MV5BMTU4NzA4MDEwNF5BMl5BanBnXkFtZTgwMTQxODYzNjM@._V1_UY67_CR0,0,45,67_AL_.jpg",/title/tt6763664/?pf_rd_m=A2FGELUUNOQJNL&pf_rd_p=12230b0e-0e00-43ed-9e59-8d5353703cce&pf_rd_r=843TAJFVZW5N5QCWQMQ1&pf_rd_s=center-1&pf_rd_t=15506&pf_rd_i=toptv&ref_=chttvtp_tt_155
156,Battlestar Galactica,(2003),"Edward James Olmos, Mary McDonnell",8.6,"https://m.media-amazon.com/images/M/MV5BZjJlYzgzOWUtZmJlZi00ZGM4LTliNzctNWFkNThlMDJhZDQxXkEyXkFqcGdeQXVyNTA4NzY1MzY@._V1_UX45_CR0,0,45,67_AL_.jpg",/title/tt0314979/?pf_rd_m=A2FGELUUNOQJNL&pf_rd_p=12230b0e-0e00-43ed-9e59-8d5353703cce&pf_rd_r=843TAJFVZW5N5QCWQMQ1&pf_rd_s=center-1&pf_rd_t=15506&pf_rd_i=toptv&ref_=chttvtp_tt_156
157,Anne with an E,(2017),"Amybeth McNulty, Geraldine James",8.6,"https://m.media-amazon.com/images/M/MV5BNThmMzJlNzgtYmY5ZC00MDllLThmZTMtNTRiMjQwNmY0NmRhXkEyXkFqcGdeQXVyMTkxNjUyNQ@@._V1_UY67_CR4,0,45,67_AL_.jpg",/title/tt5421602/?pf_rd_m=A2FGELUUNOQJNL&pf_rd_p=12230b0e-0e00-43ed-9e59-8d5353703cce&pf_rd_r=843TAJFVZW5N5QCWQMQ1&pf_rd_s=center-1&pf_rd_t=15506&pf_rd_i=toptv&ref_=chttvtp_tt_157
158,Mindhunter,(2017),"Jonathan Groff, Holt McCallany",8.6,"https://m.media-amazon.com/images/M/MV5BNWNmYzQ1ZWUtYTQ3ZS00Y2UwLTlkMDctZThlOTJkMGJiNzBiXkEyXkFqcGdeQXVyNjg2NjQwMDQ@._V1_UY67_CR0,0,45,67_AL_.jpg",/title/tt5290382/?pf_rd_m=A2FGELUUNOQJNL&pf_rd_p=12230b0e-0e00-43ed-9e59-8d5353703cce&pf_rd_r=843TAJFVZW5N5QCWQMQ1&pf_rd_s=center-1&pf_rd_t=15506&pf_rd_i=toptv&ref_=chttvtp_tt_158
159,Rurouni Kenshin: Trust and Betrayal,(1999),"Mayo Suzukaze, Junko Iwao",8.6,"https://m.media-amazon.com/images/M/MV5BM2FiOWE5MjctNWMxMC00ZTE5LWFmMGMtNzVlZjRhZDMzNTFmXkEyXkFqcGdeQXVyNTAyODkwOQ@@._V1_UY67_CR1,0,45,67_AL_.jpg",/title/tt0203082/?pf_rd_m=A2FGELUUNOQJNL&pf_rd_p=12230b0e-0e00-43ed-9e59-8d5353703cce&pf_rd_r=843TAJFVZW5N5QCWQMQ1&pf_rd_s=center-1&pf_rd_t=15506&pf_rd_i=toptv&ref_=chttvtp_tt_159
160,Father Ted,(1995),"Dermot Morgan, Ardal O'Hanlon",8.6,"https://m.media-amazon.com/images/M/MV5BYzI2YzQ5MWMtZGU0OC00ZDZkLWFiMGQtMWQzNmQ2Y2E3NDUyXkEyXkFqcGdeQXVyNDIzMzcwNjc@._V1_UY67_CR3,0,45,67_AL_.jpg",/title/tt0111958/?pf_rd_m=A2FGELUUNOQJNL&pf_rd_p=12230b0e-0e00-43ed-9e59-8d5353703cce&pf_rd_r=843TAJFVZW5N5QCWQMQ1&pf_rd_s=center-1&pf_rd_t=15506&pf_rd_i=toptv&ref_=chttvtp_tt_160
161,The Bugs Bunny Show,(1960),"Mel Blanc, June Foray",8.6,"https://m.media-amazon.com/images/M/MV5BYWI1Zjg4Y2ItZTc4Yy00OWIzLWEwMGMtODI4YmVkMjc2OWY3XkEyXkFqcGdeQXVyNzE5MTcxMTI@._V1_UY67_CR0,0,45,67_AL_.jpg",/title/tt0053488/?pf_rd_m=A2FGELUUNOQJNL&pf_rd_p=12230b0e-0e00-43ed-9e59-8d5353703cce&pf_rd_r=843TAJFVZW5N5QCWQMQ1&pf_rd_s=center-1&pf_rd_t=15506&pf_rd_i=toptv&ref_=chttvtp_tt_161
162,Blackadder the Third,(1987),"Rowan Atkinson, Tony Robinson",8.6,"https://m.media-amazon.com/images/M/MV5BMGViZTgzNjEtZWQ3My00YjJkLTk2OGUtZDQ1ODg2ZGEyNzhhXkEyXkFqcGdeQXVyNTA4NzY1MzY@._V1_UY67_CR1,0,45,67_AL_.jpg",/title/tt0092324/?pf_rd_m=A2FGELUUNOQJNL&pf_rd_p=12230b0e-0e00-43ed-9e59-8d5353703cce&pf_rd_r=843TAJFVZW5N5QCWQMQ1&pf_rd_s=center-1&pf_rd_t=15506&pf_rd_i=toptv&ref_=chttvtp_tt_162
163,Archer,(2009),"H. Jon Benjamin, Judy Greer",8.6,"https://m.media-amazon.com/images/M/MV5BMTg3NTMwMzY2OF5BMl5BanBnXkFtZTgwMDcxMjQ0NDE@._V1_UX45_CR0,0,45,67_AL_.jpg",/title/tt1486217/?pf_rd_m=A2FGELUUNOQJNL&pf_rd_p=12230b0e-0e00-43ed-9e59-8d5353703cce&pf_rd_r=843TAJFVZW5N5QCWQMQ1&pf_rd_s=center-1&pf_rd_t=15506&pf_rd_i=toptv&ref_=chttvtp_tt_163
164,Behzat Ç.: Bir Ankara Polisiyesi,(2010),"Erdal Besikçioglu, Inanç Konukçu",8.6,"https://m.media-amazon.com/images/M/MV5BZDZjY2I5ZjEtZGE2MS00ZjRmLTlmMGEtMDQ5ZmZhZWJjYzk3XkEyXkFqcGdeQXVyNDg4MjkzNDk@._V1_UY67_CR1,0,45,67_AL_.jpg",/title/tt1795096/?pf_rd_m=A2FGELUUNOQJNL&pf_rd_p=12230b0e-0e00-43ed-9e59-8d5353703cce&pf_rd_r=843TAJFVZW5N5QCWQMQ1&pf_rd_s=center-1&pf_rd_t=15506&pf_rd_i=toptv&ref_=chttvtp_tt_164
165,Panchayat,(2020),"Jitendra Kumar, Raghuvir Yadav",8.6,"https://m.media-amazon.com/images/M/MV5BMTllYzQ0MzctZTI4Ny00YTE2LTkzYjktMTc4ZWE2MDUxNzk2XkEyXkFqcGdeQXVyNzEyNTM4MTU@._V1_UY67_CR0,0,45,67_AL_.jpg",/title/tt12004706/?pf_rd_m=A2FGELUUNOQJNL&pf_rd_p=12230b0e-0e00-43ed-9e59-8d5353703cce&pf_rd_r=843TAJFVZW5N5QCWQMQ1&pf_rd_s=center-1&pf_rd_t=15506&pf_rd_i=toptv&ref_=chttvtp_tt_165
166,Yes Minister,(1980),"Paul Eddington, Nigel Hawthorne",8.6,"https://m.media-amazon.com/images/M/MV5BZjlkOGIyOWUtN2I2My00MzFjLTlhYTQtYmRkZjQ3Nzg1MWY4XkEyXkFqcGdeQXVyNTA4NzY1MzY@._V1_UX45_CR0,0,45,67_AL_.jpg",/title/tt0080306/?pf_rd_m=A2FGELUUNOQJNL&pf_rd_p=12230b0e-0e00-43ed-9e59-8d5353703cce&pf_rd_r=843TAJFVZW5N5QCWQMQ1&pf_rd_s=center-1&pf_rd_t=15506&pf_rd_i=toptv&ref_=chttvtp_tt_166
167,The Memoirs of Sherlock Holmes,(1994),"Jeremy Brett, Rosalie Williams",8.6,"https://m.media-amazon.com/images/M/MV5BMTYzMzEzMTM4Ml5BMl5BanBnXkFtZTcwMTY2NDYyMQ@@._V1_UY67_CR1,0,45,67_AL_.jpg",/title/tt0108855/?pf_rd_m=A2FGELUUNOQJNL&pf_rd_p=12230b0e-0e00-43ed-9e59-8d5353703cce&pf_rd_r=843TAJFVZW5N5QCWQMQ1&pf_rd_s=center-1&pf_rd_t=15506&pf_rd_i=toptv&ref_=chttvtp_tt_167
168,Young Justice,(2010),"Jesse McCartney, Danica McKellar",8.6,"https://m.media-amazon.com/images/M/MV5BZTNkOWIwODItYjcxOS00MDQ5LTk1ZGMtNDNhNzFhNTM4OGJiXkEyXkFqcGdeQXVyNjg3MDMxNzU@._V1_UX45_CR0,0,45,67_AL_.jpg",/title/tt1641384/?pf_rd_m=A2FGELUUNOQJNL&pf_rd_p=12230b0e-0e00-43ed-9e59-8d5353703cce&pf_rd_r=843TAJFVZW5N5QCWQMQ1&pf_rd_s=center-1&pf_rd_t=15506&pf_rd_i=toptv&ref_=chttvtp_tt_168
169,Dexter,(2006),"Michael C. Hall, Jennifer Carpenter",8.6,"https://m.media-amazon.com/images/M/MV5BMTM5MjkwMTI0MV5BMl5BanBnXkFtZTcwODQwMTc0OQ@@._V1_UY67_CR2,0,45,67_AL_.jpg",/title/tt0773262/?pf_rd_m=A2FGELUUNOQJNL&pf_rd_p=12230b0e-0e00-43ed-9e59-8d5353703cce&pf_rd_r=843TAJFVZW5N5QCWQMQ1&pf_rd_s=center-1&pf_rd_t=15506&pf_rd_i=toptv&ref_=chttvtp_tt_169
170,The Queen's Gambit,(2020),"Anya Taylor-Joy, Chloe Pirrie",8.6,"https://m.media-amazon.com/images/M/MV5BM2EwMmRhMmUtMzBmMS00ZDQ3LTg4OGEtNjlkODk3ZTMxMmJlXkEyXkFqcGdeQXVyMjM5ODk1NDU@._V1_UY67_CR0,0,45,67_AL_.jpg",/title/tt10048342/?pf_rd_m=A2FGELUUNOQJNL&pf_rd_p=12230b0e-0e00-43ed-9e59-8d5353703cce&pf_rd_r=843TAJFVZW5N5QCWQMQ1&pf_rd_s=center-1&pf_rd_t=15506&pf_rd_i=toptv&ref_=chttvtp_tt_170
171,The Adventures of Sherlock Holmes and Dr. Watson: The Hound of the Baskervilles,(1981),"Vasiliy Livanov, Vitali Solomin",8.6,"https://m.media-amazon.com/images/M/MV5BMmU4ODMyYWUtZTg2Yi00MTRmLTk5YzctNzU3NWVhZDQ1YTRmXkEyXkFqcGdeQXVyMTEyMTQyNzA1._V1_UY67_CR1,0,45,67_AL_.jpg",/title/tt0083100/?pf_rd_m=A2FGELUUNOQJNL&pf_rd_p=12230b0e-0e00-43ed-9e59-8d5353703cce&pf_rd_r=843TAJFVZW5N5QCWQMQ1&pf_rd_s=center-1&pf_rd_t=15506&pf_rd_i=toptv&ref_=chttvtp_tt_171
172,Aranyélet,(2015),"Szabolcs Thuróczy, Eszter Ónodi",8.6,"https://m.media-amazon.com/images/M/MV5BYWNjZDI3ZmYtMmFiMy00MjljLTgwYTQtNDAzN2M4MmY2MmE4XkEyXkFqcGdeQXVyNDk4MDA1MTQ@._V1_UY67_CR1,0,45,67_AL_.jpg",/title/tt5099020/?pf_rd_m=A2FGELUUNOQJNL&pf_rd_p=12230b0e-0e00-43ed-9e59-8d5353703cce&pf_rd_r=843TAJFVZW5N5QCWQMQ1&pf_rd_s=center-1&pf_rd_t=15506&pf_rd_i=toptv&ref_=chttvtp_tt_172
173,Daredevil,(2015),"Charlie Cox, Vincent D'Onofrio",8.5,"https://m.media-amazon.com/images/M/MV5BODcwOTg2MDE3NF5BMl5BanBnXkFtZTgwNTUyNTY1NjM@._V1_UY67_CR0,0,45,67_AL_.jpg",/title/tt3322312/?pf_rd_m=A2FGELUUNOQJNL&pf_rd_p=12230b0e-0e00-43ed-9e59-8d5353703cce&pf_rd_r=843TAJFVZW5N5QCWQMQ1&pf_rd_s=center-1&pf_rd_t=15506&pf_rd_i=toptv&ref_=chttvtp_tt_173
174,QI,(2003),"Alan Davies, Stephen Fry",8.5,"https://m.media-amazon.com/images/M/MV5BY2M2OTg3MDgtMjhiNC00Mzk0LWE4YjgtYzdjNzY0ODZkNTk4XkEyXkFqcGdeQXVyMDE4MzA0NQ@@._V1_UY67_CR1,0,45,67_AL_.jpg",/title/tt0380136/?pf_rd_m=A2FGELUUNOQJNL&pf_rd_p=12230b0e-0e00-43ed-9e59-8d5353703cce&pf_rd_r=843TAJFVZW5N5QCWQMQ1&pf_rd_s=center-1&pf_rd_t=15506&pf_rd_i=toptv&ref_=chttvtp_tt_174
175,Through the Wormhole,(2010),"Morgan Freeman, Sean Carroll",8.5,"https://m.media-amazon.com/images/M/MV5BMDhkMTY2NGQtMWY4Mi00ZjhmLWIzNGYtZDJhODkwNTM5NTIzXkEyXkFqcGdeQXVyNDk3NDEzMzk@._V1_UY67_CR0,0,45,67_AL_.jpg",/title/tt1513168/?pf_rd_m=A2FGELUUNOQJNL&pf_rd_p=12230b0e-0e00-43ed-9e59-8d5353703cce&pf_rd_r=843TAJFVZW5N5QCWQMQ1&pf_rd_s=center-1&pf_rd_t=15506&pf_rd_i=toptv&ref_=chttvtp_tt_175
176,Long Way Round,(2004),"Ewan McGregor, Charley Boorman",8.5,"https://m.media-amazon.com/images/M/MV5BYTAxNWFmMTktMDVjNC00YWFkLTg2NDQtNjQwODZlYmQ2YTA2XkEyXkFqcGdeQXVyNTAyODkwOQ@@._V1_UX45_CR0,0,45,67_AL_.jpg",/title/tt0403778/?pf_rd_m=A2FGELUUNOQJNL&pf_rd_p=12230b0e-0e00-43ed-9e59-8d5353703cce&pf_rd_r=843TAJFVZW5N5QCWQMQ1&pf_rd_s=center-1&pf_rd_t=15506&pf_rd_i=toptv&ref_=chttvtp_tt_176
177,The Newsroom,(2012),"Jeff Daniels, Emily Mortimer",8.5,"https://m.media-amazon.com/images/M/MV5BZDI0OWIwMTgtZGIyOC00ODRhLWIwNjAtOWViZmMwOWYwOGViXkEyXkFqcGdeQXVyNTE1NjY5Mg@@._V1_UY67_CR0,0,45,67_AL_.jpg",/title/tt1870479/?pf_rd_m=A2FGELUUNOQJNL&pf_rd_p=12230b0e-0e00-43ed-9e59-8d5353703cce&pf_rd_r=843TAJFVZW5N5QCWQMQ1&pf_rd_s=center-1&pf_rd_t=15506&pf_rd_i=toptv&ref_=chttvtp_tt_177
178,From the Earth to the Moon,(1998),"Tom Hanks, Nick Searcy",8.5,"https://m.media-amazon.com/images/M/MV5BMTg1NTM4ODctMWUxYi00NDZhLWJhNGEtNzA3MGE4MWY4N2E2XkEyXkFqcGdeQXVyNTA4NzY1MzY@._V1_UY67_CR1,0,45,67_AL_.jpg",/title/tt0120570/?pf_rd_m=A2FGELUUNOQJNL&pf_rd_p=12230b0e-0e00-43ed-9e59-8d5353703cce&pf_rd_r=843TAJFVZW5N5QCWQMQ1&pf_rd_s=center-1&pf_rd_t=15506&pf_rd_i=toptv&ref_=chttvtp_tt_178
179,Mind Your Language,(1977),"Barry Evans, George Camiller",8.5,"https://m.media-amazon.com/images/M/MV5BYmU2YmMyZTctNjc0My00ODc4LTkzYWMtYjdhOTg4NTMxY2ExXkEyXkFqcGdeQXVyNTgyNTA4MjM@._V1_UY67_CR0,0,45,67_AL_.jpg",/title/tt0075537/?pf_rd_m=A2FGELUUNOQJNL&pf_rd_p=12230b0e-0e00-43ed-9e59-8d5353703cce&pf_rd_r=843TAJFVZW5N5QCWQMQ1&pf_rd_s=center-1&pf_rd_t=15506&pf_rd_i=toptv&ref_=chttvtp_tt_179
180,Cobra Kai,(2018),"Courtney Henggeler, Mary Mouser",8.5,"https://m.media-amazon.com/images/M/MV5BOTE1M2Q3YjQtZGMzYy00MDcwLWIzNzctYzI3MDBhMjBmYTQwXkEyXkFqcGdeQXVyMTEyMjM2NDc2._V1_UY67_CR0,0,45,67_AL_.jpg",/title/tt7221388/?pf_rd_m=A2FGELUUNOQJNL&pf_rd_p=12230b0e-0e00-43ed-9e59-8d5353703cce&pf_rd_r=843TAJFVZW5N5QCWQMQ1&pf_rd_s=center-1&pf_rd_t=15506&pf_rd_i=toptv&ref_=chttvtp_tt_180
181,North & South,(2004),"Daniela Denby-Ashe, Richard Armitage",8.5,"https://m.media-amazon.com/images/M/MV5BYjU4NGI4MjQtOTJlZC00Y2UxLWFiMDAtODJhZDFmYmVjMTY3XkEyXkFqcGdeQXVyNTE1NjY5Mg@@._V1_UY67_CR1,0,45,67_AL_.jpg",/title/tt0417349/?pf_rd_m=A2FGELUUNOQJNL&pf_rd_p=12230b0e-0e00-43ed-9e59-8d5353703cce&pf_rd_r=843TAJFVZW5N5QCWQMQ1&pf_rd_s=center-1&pf_rd_t=15506&pf_rd_i=toptv&ref_=chttvtp_tt_181
182,"Yes, Prime Minister",(1986),"Paul Eddington, Nigel Hawthorne",8.5,"https://m.media-amazon.com/images/M/MV5BZDAyOTQ5YWUtNjNiZS00NmJiLTljNDItMzU2YWNjMjk4MTVjXkEyXkFqcGdeQXVyNTA4NzY1MzY@._V1_UY67_CR1,0,45,67_AL_.jpg",/title/tt0086831/?pf_rd_m=A2FGELUUNOQJNL&pf_rd_p=12230b0e-0e00-43ed-9e59-8d5353703cce&pf_rd_r=843TAJFVZW5N5QCWQMQ1&pf_rd_s=center-1&pf_rd_t=15506&pf_rd_i=toptv&ref_=chttvtp_tt_182
183,Poirot,(1989),"David Suchet, Hugh Fraser",8.5,"https://m.media-amazon.com/images/M/MV5BODljYzNlZTMtMWIwNi00N2QzLWE2ZTAtZDBmYzIwYzhlZDY2XkEyXkFqcGdeQXVyMjExMjk0ODk@._V1_UY67_CR1,0,45,67_AL_.jpg",/title/tt0094525/?pf_rd_m=A2FGELUUNOQJNL&pf_rd_p=12230b0e-0e00-43ed-9e59-8d5353703cce&pf_rd_r=843TAJFVZW5N5QCWQMQ1&pf_rd_s=center-1&pf_rd_t=15506&pf_rd_i=toptv&ref_=chttvtp_tt_183
184,It's Okay to Not Be Okay,(2020),"Kim Soo-hyun, Seo Ye-Ji",8.5,"https://m.media-amazon.com/images/M/MV5BYTk0Nzk5ZWYtYTNlZi00YjBjLWJhYjctMWMwMmYyMDA5ZjJmXkEyXkFqcGdeQXVyNDY5MjMyNTg@._V1_UY67_CR1,0,45,67_AL_.jpg",/title/tt12451520/?pf_rd_m=A2FGELUUNOQJNL&pf_rd_p=12230b0e-0e00-43ed-9e59-8d5353703cce&pf_rd_r=843TAJFVZW5N5QCWQMQ1&pf_rd_s=center-1&pf_rd_t=15506&pf_rd_i=toptv&ref_=chttvtp_tt_184
185,Umbre,(2014),"Serban Pavlu, Maria Obretin",8.5,"https://m.media-amazon.com/images/M/MV5BZjIyNWRlNTEtZDFmOC00YjJkLWJiNDktNWQzMmI1MmQyMDMyXkEyXkFqcGdeQXVyMzQ4MjE5ODk@._V1_UY67_CR1,0,45,67_AL_.jpg",/title/tt4269716/?pf_rd_m=A2FGELUUNOQJNL&pf_rd_p=12230b0e-0e00-43ed-9e59-8d5353703cce&pf_rd_r=843TAJFVZW5N5QCWQMQ1&pf_rd_s=center-1&pf_rd_t=15506&pf_rd_i=toptv&ref_=chttvtp_tt_185
186,Making a Murderer,(2015),"Steven Avery, Dolores Avery",8.5,"https://m.media-amazon.com/images/M/MV5BMTg4Mjc1NjE4Ml5BMl5BanBnXkFtZTgwMjk2NjA1NjM@._V1_UY67_CR0,0,45,67_AL_.jpg",/title/tt5189670/?pf_rd_m=A2FGELUUNOQJNL&pf_rd_p=12230b0e-0e00-43ed-9e59-8d5353703cce&pf_rd_r=843TAJFVZW5N5QCWQMQ1&pf_rd_s=center-1&pf_rd_t=15506&pf_rd_i=toptv&ref_=chttvtp_tt_186
187,Pose,(2018),"Mj Rodriguez, Dominique Jackson",8.5,"https://m.media-amazon.com/images/M/MV5BMjQ2ZDMzNmMtZWZmZC00MTFjLWFiMTMtNzJjY2Q3ZjQ3MmI0XkEyXkFqcGdeQXVyMTEyMjM2NDc2._V1_UY67_CR0,0,45,67_AL_.jpg",/title/tt7562112/?pf_rd_m=A2FGELUUNOQJNL&pf_rd_p=12230b0e-0e00-43ed-9e59-8d5353703cce&pf_rd_r=843TAJFVZW5N5QCWQMQ1&pf_rd_s=center-1&pf_rd_t=15506&pf_rd_i=toptv&ref_=chttvtp_tt_187
188,Spaced,(1999),"Jessica Hynes, Simon Pegg",8.5,"https://m.media-amazon.com/images/M/MV5BMmNjODUxNzctOWU2Zi00ZGU3LWI2MDEtMjZjNjE2MmJiMDZiXkEyXkFqcGdeQXVyNTA4NzY1MzY@._V1_UY67_CR1,0,45,67_AL_.jpg",/title/tt0187664/?pf_rd_m=A2FGELUUNOQJNL&pf_rd_p=12230b0e-0e00-43ed-9e59-8d5353703cce&pf_rd_r=843TAJFVZW5N5QCWQMQ1&pf_rd_s=center-1&pf_rd_t=15506&pf_rd_i=toptv&ref_=chttvtp_tt_188
189,Justified,(2010),"Timothy Olyphant, Nick Searcy",8.5,"https://m.media-amazon.com/images/M/MV5BMTgzNjQ4NjM1NF5BMl5BanBnXkFtZTcwNzQ4OTEzNw@@._V1_UY67_CR2,0,45,67_AL_.jpg",/title/tt1489428/?pf_rd_m=A2FGELUUNOQJNL&pf_rd_p=12230b0e-0e00-43ed-9e59-8d5353703cce&pf_rd_r=843TAJFVZW5N5QCWQMQ1&pf_rd_s=center-1&pf_rd_t=15506&pf_rd_i=toptv&ref_=chttvtp_tt_189
190,Stephen Hawking's Universe,(2010),"Benedict Cumberbatch, Stephen Hawking",8.5,"https://m.media-amazon.com/images/M/MV5BMTkyNTAwMTk2Ml5BMl5BanBnXkFtZTgwMDA2NjE0MzE@._V1_UY67_CR1,0,45,67_AL_.jpg",/title/tt1655078/?pf_rd_m=A2FGELUUNOQJNL&pf_rd_p=12230b0e-0e00-43ed-9e59-8d5353703cce&pf_rd_r=843TAJFVZW5N5QCWQMQ1&pf_rd_s=center-1&pf_rd_t=15506&pf_rd_i=toptv&ref_=chttvtp_tt_190
191,Justice League,(2001),"Carl Lumbly, Phil LaMarr",8.5,"https://m.media-amazon.com/images/M/MV5BMDE2ODk0ZTctMGI4Ni00ODgwLTk4OTAtOGNiNjZkMzI3NTY0XkEyXkFqcGdeQXVyOTgwMzk1MTA@._V1_UX45_CR0,0,45,67_AL_.jpg",/title/tt0275137/?pf_rd_m=A2FGELUUNOQJNL&pf_rd_p=12230b0e-0e00-43ed-9e59-8d5353703cce&pf_rd_r=843TAJFVZW5N5QCWQMQ1&pf_rd_s=center-1&pf_rd_t=15506&pf_rd_i=toptv&ref_=chttvtp_tt_191
192,Neon Genesis Evangelion,(1995),"Megumi Ogata, Megumi Hayashibara",8.5,"https://m.media-amazon.com/images/M/MV5BYjY1Y2ZmNDctZWQ3Yy00MTE3LTk2M2QtMjQ0MDA5ODVjMDEyXkEyXkFqcGdeQXVyNTA4NzY1MzY@._V1_UY67_CR0,0,45,67_AL_.jpg",/title/tt0112159/?pf_rd_m=A2FGELUUNOQJNL&pf_rd_p=12230b0e-0e00-43ed-9e59-8d5353703cce&pf_rd_r=843TAJFVZW5N5QCWQMQ1&pf_rd_s=center-1&pf_rd_t=15506&pf_rd_i=toptv&ref_=chttvtp_tt_192
193,Mystery Science Theater 3000,(1988),"Joel Hodgson, Michael J. Nelson",8.5,"https://m.media-amazon.com/images/M/MV5BMTc4Nzc0Mzc5M15BMl5BanBnXkFtZTcwMDYzNTYyMQ@@._V1_UY67_CR1,0,45,67_AL_.jpg",/title/tt0094517/?pf_rd_m=A2FGELUUNOQJNL&pf_rd_p=12230b0e-0e00-43ed-9e59-8d5353703cce&pf_rd_r=843TAJFVZW5N5QCWQMQ1&pf_rd_s=center-1&pf_rd_t=15506&pf_rd_i=toptv&ref_=chttvtp_tt_193
194,Samurai Champloo,(2004),"Kazuya Nakai, Ginpei Sato",8.5,"https://m.media-amazon.com/images/M/MV5BOWNhMDMyMDYtNzJlOS00YzhhLWFiMjktYWY1MzMzZGZhOGRjXkEyXkFqcGdeQXVyNDYzNTI2ODc@._V1_UX45_CR0,0,45,67_AL_.jpg",/title/tt0423731/?pf_rd_m=A2FGELUUNOQJNL&pf_rd_p=12230b0e-0e00-43ed-9e59-8d5353703cce&pf_rd_r=843TAJFVZW5N5QCWQMQ1&pf_rd_s=center-1&pf_rd_t=15506&pf_rd_i=toptv&ref_=chttvtp_tt_194
195,Brass Eye,(1997),"Christopher Morris, Mark Heap",8.5,"https://m.media-amazon.com/images/M/MV5BOGRjYzI3OGEtZDFmNi00OWQxLWFjODgtZDUyNWMxYjI4MjA5XkEyXkFqcGdeQXVyNTA4NzY1MzY@._V1_UY67_CR0,0,45,67_AL_.jpg",/title/tt0118273/?pf_rd_m=A2FGELUUNOQJNL&pf_rd_p=12230b0e-0e00-43ed-9e59-8d5353703cce&pf_rd_r=843TAJFVZW5N5QCWQMQ1&pf_rd_s=center-1&pf_rd_t=15506&pf_rd_i=toptv&ref_=chttvtp_tt_195
196,The Family Man,(2019),"Manoj Bajpayee, Samantha Akkineni",8.5,"https://m.media-amazon.com/images/M/MV5BMzRjZWVmMzItNTdmYS00OWEzLTgyOGUtNThiNTU2ZThlYjY0XkEyXkFqcGdeQXVyMTIxMDk2NDE4._V1_UY67_CR4,0,45,67_AL_.jpg",/title/tt9544034/?pf_rd_m=A2FGELUUNOQJNL&pf_rd_p=12230b0e-0e00-43ed-9e59-8d5353703cce&pf_rd_r=843TAJFVZW5N5QCWQMQ1&pf_rd_s=center-1&pf_rd_t=15506&pf_rd_i=toptv&ref_=chttvtp_tt_196
197,Dragon Ball,(1986),"Masako Nozawa, Jôji Yanami",8.5,"https://m.media-amazon.com/images/M/MV5BMjRlYTYyMDUtOGY5MC00MmFiLTljOTMtM2QzOWZjMWViN2FiL2ltYWdlXkEyXkFqcGdeQXVyNTAyODkwOQ@@._V1_UY67_CR2,0,45,67_AL_.jpg",/title/tt0088509/?pf_rd_m=A2FGELUUNOQJNL&pf_rd_p=12230b0e-0e00-43ed-9e59-8d5353703cce&pf_rd_r=843TAJFVZW5N5QCWQMQ1&pf_rd_s=center-1&pf_rd_t=15506&pf_rd_i=toptv&ref_=chttvtp_tt_197
198,Mr. Bean,(1990),"Rowan Atkinson, Robin Driscoll",8.5,"https://m.media-amazon.com/images/M/MV5BOGNjZTRlNDctNGI0Yi00YmFkLTljMmQtMjQ1ZjdiNmU5YTc0XkEyXkFqcGdeQXVyNTA4NzY1MzY@._V1_UY67_CR0,0,45,67_AL_.jpg",/title/tt0096657/?pf_rd_m=A2FGELUUNOQJNL&pf_rd_p=12230b0e-0e00-43ed-9e59-8d5353703cce&pf_rd_r=843TAJFVZW5N5QCWQMQ1&pf_rd_s=center-1&pf_rd_t=15506&pf_rd_i=toptv&ref_=chttvtp_tt_198
199,Adventure Time,(2010),"John DiMaggio, Jeremy Shada",8.5,"https://m.media-amazon.com/images/M/MV5BZGY2ZGFkYjctOWY2Ni00MGQ5LWE4OTItNjJhNzA5MWFmMjk1XkEyXkFqcGdeQXVyNTgyNTA4MjM@._V1_UX45_CR0,0,45,67_AL_.jpg",/title/tt1305826/?pf_rd_m=A2FGELUUNOQJNL&pf_rd_p=12230b0e-0e00-43ed-9e59-8d5353703cce&pf_rd_r=843TAJFVZW5N5QCWQMQ1&pf_rd_s=center-1&pf_rd_t=15506&pf_rd_i=toptv&ref_=chttvtp_tt_199
200,Dragon Ball,(1995),"Brice Armstrong, Steve Olson",8.5,"https://m.media-amazon.com/images/M/MV5BNDYyNTJkNmItYjgxNC00ODliLTg2MGMtZjkxNjEwYzdjNjUxXkEyXkFqcGdeQXVyNTA4NzY1MzY@._V1_UY67_CR4,0,45,67_AL_.jpg",/title/tt0280249/?pf_rd_m=A2FGELUUNOQJNL&pf_rd_p=12230b0e-0e00-43ed-9e59-8d5353703cce&pf_rd_r=843TAJFVZW5N5QCWQMQ1&pf_rd_s=center-1&pf_rd_t=15506&pf_rd_i=toptv&ref_=chttvtp_tt_200
201,Flight of the Conchords,(2007),"Jemaine Clement, Bret McKenzie",8.5,"https://m.media-amazon.com/images/M/MV5BNTM4M2VhY2UtZTJmMi00YmFjLTk4OWItMzU2ZDA3NTUxZjYxXkEyXkFqcGdeQXVyNTA4NzY1MzY@._V1_UY67_CR1,0,45,67_AL_.jpg",/title/tt0863046/?pf_rd_m=A2FGELUUNOQJNL&pf_rd_p=12230b0e-0e00-43ed-9e59-8d5353703cce&pf_rd_r=843TAJFVZW5N5QCWQMQ1&pf_rd_s=center-1&pf_rd_t=15506&pf_rd_i=toptv&ref_=chttvtp_tt_201
202,Boardwalk Empire,(2010),"Steve Buscemi, Kelly Macdonald",8.5,"https://m.media-amazon.com/images/M/MV5BYTYxNzc5ZmYtODcyNi00ZWUwLWExNWUtY2Y0YTlhZDBlMGU1XkEyXkFqcGdeQXVyNzQ1ODk3MTQ@._V1_UY67_CR0,0,45,67_AL_.jpg",/title/tt0979432/?pf_rd_m=A2FGELUUNOQJNL&pf_rd_p=12230b0e-0e00-43ed-9e59-8d5353703cce&pf_rd_r=843TAJFVZW5N5QCWQMQ1&pf_rd_s=center-1&pf_rd_t=15506&pf_rd_i=toptv&ref_=chttvtp_tt_202
203,Naruto: Shippûden,(2007),"Junko Takeuchi, Maile Flanagan",8.5,"https://m.media-amazon.com/images/M/MV5BMTE5NzIwMGUtYTE1MS00MDUxLTgyZjctOWVkZDAxM2M4ZWQ4XkEyXkFqcGdeQXVyNjc2NjA5MTU@._V1_UX45_CR0,0,45,67_AL_.jpg",/title/tt0988824/?pf_rd_m=A2FGELUUNOQJNL&pf_rd_p=12230b0e-0e00-43ed-9e59-8d5353703cce&pf_rd_r=843TAJFVZW5N5QCWQMQ1&pf_rd_s=center-1&pf_rd_t=15506&pf_rd_i=toptv&ref_=chttvtp_tt_203
204,Mob Psycho 100,(2016),"Setsuo Ito, Takahiro Sakurai",8.5,"https://m.media-amazon.com/images/M/MV5BZmE1NjIyNjYtMTVmMy00M2YyLTljMjMtZGQwYmUxOTU4NjRlXkEyXkFqcGdeQXVyNjc3OTE4Nzk@._V1_UY67_CR0,0,45,67_AL_.jpg",/title/tt5897304/?pf_rd_m=A2FGELUUNOQJNL&pf_rd_p=12230b0e-0e00-43ed-9e59-8d5353703cce&pf_rd_r=843TAJFVZW5N5QCWQMQ1&pf_rd_s=center-1&pf_rd_t=15506&pf_rd_i=toptv&ref_=chttvtp_tt_204
205,Twin Peaks,(2017),"Kyle MacLachlan, Sheryl Lee",8.5,"https://m.media-amazon.com/images/M/MV5BMjA5MTkzNTY5Ml5BMl5BanBnXkFtZTgwNjU4MzY1MTI@._V1_UY67_CR2,0,45,67_AL_.jpg",/title/tt4093826/?pf_rd_m=A2FGELUUNOQJNL&pf_rd_p=12230b0e-0e00-43ed-9e59-8d5353703cce&pf_rd_r=843TAJFVZW5N5QCWQMQ1&pf_rd_s=center-1&pf_rd_t=15506&pf_rd_i=toptv&ref_=chttvtp_tt_205
206,Homicide: Life on the Street,(1993),"Richard Belzer, Clark Johnson",8.5,"https://m.media-amazon.com/images/M/MV5BYTVmZTRhNWItNmQ3Yi00MzNiLWJiZTctOWMyOWRlMDY4YWMyXkEyXkFqcGdeQXVyNjc3MjQzNTI@._V1_UY67_CR1,0,45,67_AL_.jpg",/title/tt0106028/?pf_rd_m=A2FGELUUNOQJNL&pf_rd_p=12230b0e-0e00-43ed-9e59-8d5353703cce&pf_rd_r=843TAJFVZW5N5QCWQMQ1&pf_rd_s=center-1&pf_rd_t=15506&pf_rd_i=toptv&ref_=chttvtp_tt_206
207,El Chavo del Ocho,(1972),"Ramón Valdés, Carlos Villagrán",8.5,"https://m.media-amazon.com/images/M/MV5BODJjNmExM2EtMDAyNC00MzAxLWFlZjctMmNjZjc4MmUyODliXkEyXkFqcGdeQXVyMTIyNjkwOTEz._V1_UY67_CR1,0,45,67_AL_.jpg",/title/tt0229889/?pf_rd_m=A2FGELUUNOQJNL&pf_rd_p=12230b0e-0e00-43ed-9e59-8d5353703cce&pf_rd_r=843TAJFVZW5N5QCWQMQ1&pf_rd_s=center-1&pf_rd_t=15506&pf_rd_i=toptv&ref_=chttvtp_tt_207
208,The Bugs Bunny/Road Runner Hour,(1968),"Mel Blanc, Jim Backus",8.5,"https://m.media-amazon.com/images/M/MV5BOGM4ZjVkNzAtNDE5ZS00YjBmLTliZjctYzI4MTY4ZTQ1MGYwXkEyXkFqcGdeQXVyNTE1NjY5Mg@@._V1_UY67_CR27,0,45,67_AL_.jpg",/title/tt0062550/?pf_rd_m=A2FGELUUNOQJNL&pf_rd_p=12230b0e-0e00-43ed-9e59-8d5353703cce&pf_rd_r=843TAJFVZW5N5QCWQMQ1&pf_rd_s=center-1&pf_rd_t=15506&pf_rd_i=toptv&ref_=chttvtp_tt_208
209,Detectorists,(2014),"Mackenzie Crook, Toby Jones",8.5,"https://m.media-amazon.com/images/M/MV5BZGUyOWJiYTUtN2E0Ni00MGUwLTk4ZjktYzc3ZmRkNzVlNTU0XkEyXkFqcGdeQXVyMTExNDQ2MTI@._V1_UX45_CR0,0,45,67_AL_.jpg",/title/tt4082744/?pf_rd_m=A2FGELUUNOQJNL&pf_rd_p=12230b0e-0e00-43ed-9e59-8d5353703cce&pf_rd_r=843TAJFVZW5N5QCWQMQ1&pf_rd_s=center-1&pf_rd_t=15506&pf_rd_i=toptv&ref_=chttvtp_tt_209
210,Fullmetal Alchemist,(2003),"Vic Mignogna, Aaron Dismuke",8.5,"https://m.media-amazon.com/images/M/MV5BMjYwNDlhMWYtMWE1ZS00ZjVhLWI1NzItMjQ5ZGI4NTIwZjQ5L2ltYWdlXkEyXkFqcGdeQXVyNTAyODkwOQ@@._V1_UX45_CR0,0,45,67_AL_.jpg",/title/tt0421357/?pf_rd_m=A2FGELUUNOQJNL&pf_rd_p=12230b0e-0e00-43ed-9e59-8d5353703cce&pf_rd_r=843TAJFVZW5N5QCWQMQ1&pf_rd_s=center-1&pf_rd_t=15506&pf_rd_i=toptv&ref_=chttvtp_tt_210
211,Skam,(2015),"Josefine Frida Pettersen, Iman Meskini",8.5,"https://m.media-amazon.com/images/M/MV5BMzc5NmE5ZDItZGQxZC00ZTdhLThlYzktYjE0NWIyZDM3OGRlXkEyXkFqcGdeQXVyNTA4NzY1MzY@._V1_UY67_CR0,0,45,67_AL_.jpg",/title/tt5288312/?pf_rd_m=A2FGELUUNOQJNL&pf_rd_p=12230b0e-0e00-43ed-9e59-8d5353703cce&pf_rd_r=843TAJFVZW5N5QCWQMQ1&pf_rd_s=center-1&pf_rd_t=15506&pf_rd_i=toptv&ref_=chttvtp_tt_211
212,Letterkenny,(2016),"Jared Keeso, Nathan Dales",8.5,"https://m.media-amazon.com/images/M/MV5BMzRjOWYyNDUtYTJhMC00ZmZmLThlYmYtOWJkMzk4MGQ2NDFhXkEyXkFqcGdeQXVyMjQyMDc5MA@@._V1_UX45_CR0,0,45,67_AL_.jpg",/title/tt4647692/?pf_rd_m=A2FGELUUNOQJNL&pf_rd_p=12230b0e-0e00-43ed-9e59-8d5353703cce&pf_rd_r=843TAJFVZW5N5QCWQMQ1&pf_rd_s=center-1&pf_rd_t=15506&pf_rd_i=toptv&ref_=chttvtp_tt_212
213,Coupling,(2000),"Jack Davenport, Gina Bellman",8.5,"https://m.media-amazon.com/images/M/MV5BMTQzMDk1ODI2M15BMl5BanBnXkFtZTYwNjMyNDk4._V1_UX45_CR0,0,45,67_AL_.jpg",/title/tt0237123/?pf_rd_m=A2FGELUUNOQJNL&pf_rd_p=12230b0e-0e00-43ed-9e59-8d5353703cce&pf_rd_r=843TAJFVZW5N5QCWQMQ1&pf_rd_s=center-1&pf_rd_t=15506&pf_rd_i=toptv&ref_=chttvtp_tt_213
214,Mr. Robot,(2015),"Rami Malek, Christian Slater",8.5,"https://m.media-amazon.com/images/M/MV5BMzgxMmQxZjQtNDdmMC00MjRlLTk1MDEtZDcwNTdmOTg0YzA2XkEyXkFqcGdeQXVyMzQ2MDI5NjU@._V1_UX45_CR0,0,45,67_AL_.jpg",/title/tt4158110/?pf_rd_m=A2FGELUUNOQJNL&pf_rd_p=12230b0e-0e00-43ed-9e59-8d5353703cce&pf_rd_r=843TAJFVZW5N5QCWQMQ1&pf_rd_s=center-1&pf_rd_t=15506&pf_rd_i=toptv&ref_=chttvtp_tt_214
215,Alfred Hitchcock Presents,(1955),"Alfred Hitchcock, Harry Tyler",8.5,"https://m.media-amazon.com/images/M/MV5BOWQ1OGI0ZTItOTNkYi00NWFhLWE3ZWYtODVmMjkzMmM1NDYwXkEyXkFqcGdeQXVyNTA4NzY1MzY@._V1_UY67_CR1,0,45,67_AL_.jpg",/title/tt0047708/?pf_rd_m=A2FGELUUNOQJNL&pf_rd_p=12230b0e-0e00-43ed-9e59-8d5353703cce&pf_rd_r=843TAJFVZW5N5QCWQMQ1&pf_rd_s=center-1&pf_rd_t=15506&pf_rd_i=toptv&ref_=chttvtp_tt_215
216,The IT Crowd,(2006),"Chris O'Dowd, Richard Ayoade",8.5,"https://m.media-amazon.com/images/M/MV5BMjE5MThjMzAtNWVmNC00YThkLTlmNzktMTM3Yzk4YTZhMTgwXkEyXkFqcGdeQXVyNTAyODkwOQ@@._V1_UY67_CR1,0,45,67_AL_.jpg",/title/tt0487831/?pf_rd_m=A2FGELUUNOQJNL&pf_rd_p=12230b0e-0e00-43ed-9e59-8d5353703cce&pf_rd_r=843TAJFVZW5N5QCWQMQ1&pf_rd_s=center-1&pf_rd_t=15506&pf_rd_i=toptv&ref_=chttvtp_tt_216
217,Chef's Table,(2015),"Dan Barber, Massimo Bottura",8.5,"https://m.media-amazon.com/images/M/MV5BMjE3MDQ2OTYyN15BMl5BanBnXkFtZTgwNjQ0Nzg0NzM@._V1_UY67_CR0,0,45,67_AL_.jpg",/title/tt4295140/?pf_rd_m=A2FGELUUNOQJNL&pf_rd_p=12230b0e-0e00-43ed-9e59-8d5353703cce&pf_rd_r=843TAJFVZW5N5QCWQMQ1&pf_rd_s=center-1&pf_rd_t=15506&pf_rd_i=toptv&ref_=chttvtp_tt_217
218,Doctor Who,(2005),"Jodie Whittaker, Peter Capaldi",8.5,"https://m.media-amazon.com/images/M/MV5BZWJhYjFmZDEtNTVlYy00NGExLWJhZWItNTAxODY5YTc3MDFmXkEyXkFqcGdeQXVyMTkxNjUyNQ@@._V1_UY67_CR1,0,45,67_AL_.jpg",/title/tt0436992/?pf_rd_m=A2FGELUUNOQJNL&pf_rd_p=12230b0e-0e00-43ed-9e59-8d5353703cce&pf_rd_r=843TAJFVZW5N5QCWQMQ1&pf_rd_s=center-1&pf_rd_t=15506&pf_rd_i=toptv&ref_=chttvtp_tt_218
219,Endeavour,(2012),"Shaun Evans, Roger Allam",8.5,"https://m.media-amazon.com/images/M/MV5BYjRkZTRkNDUtMTliMC00MjAzLTg4MDUtNjBmODYxMmFkZGU3XkEyXkFqcGdeQXVyMjExMjk0ODk@._V1_UY67_CR1,0,45,67_AL_.jpg",/title/tt2701582/?pf_rd_m=A2FGELUUNOQJNL&pf_rd_p=12230b0e-0e00-43ed-9e59-8d5353703cce&pf_rd_r=843TAJFVZW5N5QCWQMQ1&pf_rd_s=center-1&pf_rd_t=15506&pf_rd_i=toptv&ref_=chttvtp_tt_219
220,Mare of Easttown,(2021),"Kate Winslet, Julianne Nicholson",8.5,"https://m.media-amazon.com/images/M/MV5BYjIyOGU1NzAtODZmYi00NGMzLWJiMjItNGNjNTFjOTM5ZDJhXkEyXkFqcGdeQXVyMTEyMjM2NDc2._V1_UY67_CR0,0,45,67_AL_.jpg",/title/tt10155688/?pf_rd_m=A2FGELUUNOQJNL&pf_rd_p=12230b0e-0e00-43ed-9e59-8d5353703cce&pf_rd_r=843TAJFVZW5N5QCWQMQ1&pf_rd_s=center-1&pf_rd_t=15506&pf_rd_i=toptv&ref_=chttvtp_tt_220
221,Hunter x Hunter,(1999),"Hozumi Gôda, Yuki Kaida",8.5,"https://m.media-amazon.com/images/M/MV5BMWY2OTQwNWUtZWUxYy00OGUzLTkxMmYtNzE4ZTI0ZTBlYTU5XkEyXkFqcGdeQXVyMTA3OTEyODI1._V1_UY67_CR1,0,45,67_AL_.jpg",/title/tt0426719/?pf_rd_m=A2FGELUUNOQJNL&pf_rd_p=12230b0e-0e00-43ed-9e59-8d5353703cce&pf_rd_r=843TAJFVZW5N5QCWQMQ1&pf_rd_s=center-1&pf_rd_t=15506&pf_rd_i=toptv&ref_=chttvtp_tt_221
222,Generation Kill,(2008),"Alexander Skarsgård, James Ransone",8.5,"https://m.media-amazon.com/images/M/MV5BMTM2NjAxOTQzNl5BMl5BanBnXkFtZTcwMjk4NzU3MQ@@._V1_UY67_CR2,0,45,67_AL_.jpg",/title/tt0995832/?pf_rd_m=A2FGELUUNOQJNL&pf_rd_p=12230b0e-0e00-43ed-9e59-8d5353703cce&pf_rd_r=843TAJFVZW5N5QCWQMQ1&pf_rd_s=center-1&pf_rd_t=15506&pf_rd_i=toptv&ref_=chttvtp_tt_222
223,Impractical Jokers,(2011),"Brian Quinn, James Murray",8.5,"https://m.media-amazon.com/images/M/MV5BZjhlYTllNzgtOTQ5Ni00MTI1LWJmZjktOTc2NTZkYWVlYjllXkEyXkFqcGdeQXVyMDA4NzMyOA@@._V1_UY67_CR1,0,45,67_AL_.jpg",/title/tt2100976/?pf_rd_m=A2FGELUUNOQJNL&pf_rd_p=12230b0e-0e00-43ed-9e59-8d5353703cce&pf_rd_r=843TAJFVZW5N5QCWQMQ1&pf_rd_s=center-1&pf_rd_t=15506&pf_rd_i=toptv&ref_=chttvtp_tt_223
224,Your Lie in April,(2014),"Natsuki Hanae, Risa Taneda",8.5,"https://m.media-amazon.com/images/M/MV5BZjE0N2FhZDMtZTM0OS00ZGMyLWFhODItOGVmYzU0Yjg4ZWFlXkEyXkFqcGdeQXVyMTMxODk2OTU@._V1_UY67_CR1,0,45,67_AL_.jpg",/title/tt3895150/?pf_rd_m=A2FGELUUNOQJNL&pf_rd_p=12230b0e-0e00-43ed-9e59-8d5353703cce&pf_rd_r=843TAJFVZW5N5QCWQMQ1&pf_rd_s=center-1&pf_rd_t=15506&pf_rd_i=toptv&ref_=chttvtp_tt_224
225,Ethos,(2020),"Öykü Karayel, Fatih Artman",8.5,"https://m.media-amazon.com/images/M/MV5BZjkyMTYyMDktNjQxZC00Y2U0LThkMDYtYmU2YzY5OTlmYzcwXkEyXkFqcGdeQXVyMTI1NDEyNTM5._V1_UY67_CR0,0,45,67_AL_.jpg",/title/tt11301642/?pf_rd_m=A2FGELUUNOQJNL&pf_rd_p=12230b0e-0e00-43ed-9e59-8d5353703cce&pf_rd_r=843TAJFVZW5N5QCWQMQ1&pf_rd_s=center-1&pf_rd_t=15506&pf_rd_i=toptv&ref_=chttvtp_tt_225
226,Louie,(2010),"Louis C.K., Hadley Delany",8.5,"https://m.media-amazon.com/images/M/MV5BMWFlODQ4MWQtNDA1ZS00MGUzLTkwNzEtZmE4MzczNjVjMjE3XkEyXkFqcGdeQXVyNTA4NzY1MzY@._V1_UY67_CR0,0,45,67_AL_.jpg",/title/tt1492966/?pf_rd_m=A2FGELUUNOQJNL&pf_rd_p=12230b0e-0e00-43ed-9e59-8d5353703cce&pf_rd_r=843TAJFVZW5N5QCWQMQ1&pf_rd_s=center-1&pf_rd_t=15506&pf_rd_i=toptv&ref_=chttvtp_tt_226
227,Silicon Valley,(2014),"Thomas Middleditch, T.J. Miller",8.5,"https://m.media-amazon.com/images/M/MV5BM2Q5YjNjZWMtYThmYy00N2ZjLWE2NDctNmZjMmZjYWE2NjEwXkEyXkFqcGdeQXVyMTAzMDM4MjM0._V1_UY67_CR1,0,45,67_AL_.jpg",/title/tt2575988/?pf_rd_m=A2FGELUUNOQJNL&pf_rd_p=12230b0e-0e00-43ed-9e59-8d5353703cce&pf_rd_r=843TAJFVZW5N5QCWQMQ1&pf_rd_s=center-1&pf_rd_t=15506&pf_rd_i=toptv&ref_=chttvtp_tt_227
228,Ezel,(2009),"Kenan Imirzalioglu, Cansu Dere",8.5,"https://m.media-amazon.com/images/M/MV5BMjIzOTY1YTYtNmRhMC00MzAxLWEzMzUtM2ZiMmYwNTY0MjMyXkEyXkFqcGdeQXVyNDg4MjkzNDk@._V1_UY67_CR1,0,45,67_AL_.jpg",/title/tt1534360/?pf_rd_m=A2FGELUUNOQJNL&pf_rd_p=12230b0e-0e00-43ed-9e59-8d5353703cce&pf_rd_r=843TAJFVZW5N5QCWQMQ1&pf_rd_s=center-1&pf_rd_t=15506&pf_rd_i=toptv&ref_=chttvtp_tt_228
229,What We Do in the Shadows,(2019),"Kayvan Novak, Matt Berry",8.5,"https://m.media-amazon.com/images/M/MV5BNmViZGZhY2ItZDMyNC00MTlhLWIxMmUtYWZlYzAxMzFkMzZiXkEyXkFqcGdeQXVyMTkxNjUyNQ@@._V1_UY67_CR0,0,45,67_AL_.jpg",/title/tt7908628/?pf_rd_m=A2FGELUUNOQJNL&pf_rd_p=12230b0e-0e00-43ed-9e59-8d5353703cce&pf_rd_r=843TAJFVZW5N5QCWQMQ1&pf_rd_s=center-1&pf_rd_t=15506&pf_rd_i=toptv&ref_=chttvtp_tt_229
230,Shameless,(2011),"Emmy Rossum, William H. Macy",8.5,"https://m.media-amazon.com/images/M/MV5BZGFiOGY1MjAtNWM2Yy00YzBlLTkwODktMTZiOWMyZmNmZmZhXkEyXkFqcGdeQXVyOTA3MTMyOTk@._V1_UY67_CR2,0,45,67_AL_.jpg",/title/tt1586680/?pf_rd_m=A2FGELUUNOQJNL&pf_rd_p=12230b0e-0e00-43ed-9e59-8d5353703cce&pf_rd_r=843TAJFVZW5N5QCWQMQ1&pf_rd_s=center-1&pf_rd_t=15506&pf_rd_i=toptv&ref_=chttvtp_tt_230
231,The Untold History of the United States,(2012),"Oliver Stone, Alan Shearman",8.5,"https://m.media-amazon.com/images/M/MV5BN2YwNWFmOTItNDY0Mi00Yjg0LWJiZTYtYzdkMmU2YzJhOWMzXkEyXkFqcGdeQXVyNjUyMDk5Nzk@._V1_UX45_CR0,0,45,67_AL_.jpg",/title/tt1494191/?pf_rd_m=A2FGELUUNOQJNL&pf_rd_p=12230b0e-0e00-43ed-9e59-8d5353703cce&pf_rd_r=843TAJFVZW5N5QCWQMQ1&pf_rd_s=center-1&pf_rd_t=15506&pf_rd_i=toptv&ref_=chttvtp_tt_231
232,My Brilliant Friend,(2018),"Alba Rohrwacher, Margherita Mazzucco",8.5,"https://m.media-amazon.com/images/M/MV5BODU3Nzg5NGMtOTE2MS00YWQ0LTgyYzktMWM3YjNmYjlmZTliXkEyXkFqcGdeQXVyMTMxODk2OTU@._V1_UY67_CR0,0,45,67_AL_.jpg",/title/tt7278862/?pf_rd_m=A2FGELUUNOQJNL&pf_rd_p=12230b0e-0e00-43ed-9e59-8d5353703cce&pf_rd_r=843TAJFVZW5N5QCWQMQ1&pf_rd_s=center-1&pf_rd_t=15506&pf_rd_i=toptv&ref_=chttvtp_tt_232
233,The Great British Baking Show,(2010),"Paul Hollywood, Mary Berry",8.5,"https://m.media-amazon.com/images/M/MV5BOTQ0NGFkYmUtODQ2YS00N2FiLWIyNWUtNmJjMDkzMjVlNzIyXkEyXkFqcGdeQXVyMDE4MzA0NQ@@._V1_UY67_CR0,0,45,67_AL_.jpg",/title/tt1877368/?pf_rd_m=A2FGELUUNOQJNL&pf_rd_p=12230b0e-0e00-43ed-9e59-8d5353703cce&pf_rd_r=843TAJFVZW5N5QCWQMQ1&pf_rd_s=center-1&pf_rd_t=15506&pf_rd_i=toptv&ref_=chttvtp_tt_233
234,The Defiant Ones,(2017),"Bono, Dr. Dre",8.5,"https://m.media-amazon.com/images/M/MV5BNjAyMjg0MTMtZmUxZC00MzhiLTk1YzYtOGE4YWNmYmIzMjc4XkEyXkFqcGdeQXVyMTMxODk2OTU@._V1_UY67_CR0,0,45,67_AL_.jpg",/title/tt6958022/?pf_rd_m=A2FGELUUNOQJNL&pf_rd_p=12230b0e-0e00-43ed-9e59-8d5353703cce&pf_rd_r=843TAJFVZW5N5QCWQMQ1&pf_rd_s=center-1&pf_rd_t=15506&pf_rd_i=toptv&ref_=chttvtp_tt_234
235,Gintama,(2005),"Tomokazu Sugita, Daisuke Sakaguchi",8.5,"https://m.media-amazon.com/images/M/MV5BMDkxZTJjZTEtMDRjMy00Yzk1LWI5YjItMjIwYmVlYzhlZWZhXkEyXkFqcGdeQXVyNDQxNjcxNQ@@._V1_UX45_CR0,0,45,67_AL_.jpg",/title/tt0988818/?pf_rd_m=A2FGELUUNOQJNL&pf_rd_p=12230b0e-0e00-43ed-9e59-8d5353703cce&pf_rd_r=843TAJFVZW5N5QCWQMQ1&pf_rd_s=center-1&pf_rd_t=15506&pf_rd_i=toptv&ref_=chttvtp_tt_235
236,Yellowstone,(2018),"Kevin Costner, Luke Grimes",8.5,"https://m.media-amazon.com/images/M/MV5BZjhkNWM1NTQtODI4NS00NzllLTg1ODAtYjg3N2QxZjc3ZjRiXkEyXkFqcGdeQXVyNDIzMzcwNjc@._V1_UY67_CR2,0,45,67_AL_.jpg",/title/tt4236770/?pf_rd_m=A2FGELUUNOQJNL&pf_rd_p=12230b0e-0e00-43ed-9e59-8d5353703cce&pf_rd_r=843TAJFVZW5N5QCWQMQ1&pf_rd_s=center-1&pf_rd_t=15506&pf_rd_i=toptv&ref_=chttvtp_tt_236
237,Second Spring,(1998),"Türkan Soray, Sener Sen",8.5,"https://m.media-amazon.com/images/M/MV5BYmRmODc2YTctZTkyNi00YWI2LWFjOGEtY2Y5ZWU4OTZiZmY2XkEyXkFqcGdeQXVyMjExNjgyMTc@._V1_UY67_CR0,0,45,67_AL_.jpg",/title/tt0264700/?pf_rd_m=A2FGELUUNOQJNL&pf_rd_p=12230b0e-0e00-43ed-9e59-8d5353703cce&pf_rd_r=843TAJFVZW5N5QCWQMQ1&pf_rd_s=center-1&pf_rd_t=15506&pf_rd_i=toptv&ref_=chttvtp_tt_237
238,Flames,(2018),"Ritvik Sahore, Tanya Maniktala",8.5,"https://m.media-amazon.com/images/M/MV5BMGM5OTlmNjYtYmFlZi00MDY3LTk5YTctNTBlNjliZjEzY2E2XkEyXkFqcGdeQXVyOTAzMTc2MjA@._V1_UY67_CR4,0,45,67_AL_.jpg",/title/tt7927936/?pf_rd_m=A2FGELUUNOQJNL&pf_rd_p=12230b0e-0e00-43ed-9e59-8d5353703cce&pf_rd_r=843TAJFVZW5N5QCWQMQ1&pf_rd_s=center-1&pf_rd_t=15506&pf_rd_i=toptv&ref_=chttvtp_tt_238
239,The Night Of,(2016),"Riz Ahmed, John Turturro",8.5,"https://m.media-amazon.com/images/M/MV5BMjQyOTgxMDI0Nl5BMl5BanBnXkFtZTgwOTE4MzczOTE@._V1_UY67_CR0,0,45,67_AL_.jpg",/title/tt2401256/?pf_rd_m=A2FGELUUNOQJNL&pf_rd_p=12230b0e-0e00-43ed-9e59-8d5353703cce&pf_rd_r=843TAJFVZW5N5QCWQMQ1&pf_rd_s=center-1&pf_rd_t=15506&pf_rd_i=toptv&ref_=chttvtp_tt_239
240,I'm Alan Partridge,(1997),"Steve Coogan, Simon Greenall",8.5,"https://m.media-amazon.com/images/M/MV5BODRmYzYzZjItMzNmYy00NGE5LTk0MjctYWJkOGNlOWM2MWM1XkEyXkFqcGdeQXVyNjU0OTQ0OTY@._V1_UY67_CR0,0,45,67_AL_.jpg",/title/tt0129690/?pf_rd_m=A2FGELUUNOQJNL&pf_rd_p=12230b0e-0e00-43ed-9e59-8d5353703cce&pf_rd_r=843TAJFVZW5N5QCWQMQ1&pf_rd_s=center-1&pf_rd_t=15506&pf_rd_i=toptv&ref_=chttvtp_tt_240
241,The Office,(2001),"Ricky Gervais, Martin Freeman",8.5,"https://m.media-amazon.com/images/M/MV5BNGI4YWZhZDAtMjYwNC00YWJjLTgzODQtNmQ0OTI2NGQzMWUwXkEyXkFqcGdeQXVyNzkwMjQ5NzM@._V1_UY67_CR2,0,45,67_AL_.jpg",/title/tt0290978/?pf_rd_m=A2FGELUUNOQJNL&pf_rd_p=12230b0e-0e00-43ed-9e59-8d5353703cce&pf_rd_r=843TAJFVZW5N5QCWQMQ1&pf_rd_s=center-1&pf_rd_t=15506&pf_rd_i=toptv&ref_=chttvtp_tt_241
242,Hannibal,(2013),"Hugh Dancy, Mads Mikkelsen",8.5,"https://m.media-amazon.com/images/M/MV5BNWU5YmJhNWEtZGVlOS00NmRhLThmNzUtYjAyMDA2MDg5ZTM4XkEyXkFqcGdeQXVyNDIzMzcwNjc@._V1_UY67_CR1,0,45,67_AL_.jpg",/title/tt2243973/?pf_rd_m=A2FGELUUNOQJNL&pf_rd_p=12230b0e-0e00-43ed-9e59-8d5353703cce&pf_rd_r=843TAJFVZW5N5QCWQMQ1&pf_rd_s=center-1&pf_rd_t=15506&pf_rd_i=toptv&ref_=chttvtp_tt_242
243,Spartacus: Gods of the Arena,(2011),"John Hannah, Manu Bennett",8.5,"https://m.media-amazon.com/images/M/MV5BMTYyMjI4NzYxOF5BMl5BanBnXkFtZTcwNTUwMTc1NA@@._V1_UX45_CR0,0,45,67_AL_.jpg",/title/tt1758429/?pf_rd_m=A2FGELUUNOQJNL&pf_rd_p=12230b0e-0e00-43ed-9e59-8d5353703cce&pf_rd_r=843TAJFVZW5N5QCWQMQ1&pf_rd_s=center-1&pf_rd_t=15506&pf_rd_i=toptv&ref_=chttvtp_tt_243
244,GTO,(1999),"Steve Blum, Tom Fahn",8.5,"https://m.media-amazon.com/images/M/MV5BNzZmYjBjMGYtNzk1Zi00MzZiLWI1MzgtNGYwZTZhMTRhNjMzXkEyXkFqcGdeQXVyMTA3OTEyODI1._V1_UX45_CR0,0,45,67_AL_.jpg",/title/tt0315008/?pf_rd_m=A2FGELUUNOQJNL&pf_rd_p=12230b0e-0e00-43ed-9e59-8d5353703cce&pf_rd_r=843TAJFVZW5N5QCWQMQ1&pf_rd_s=center-1&pf_rd_t=15506&pf_rd_i=toptv&ref_=chttvtp_tt_244
245,Whose Line Is It Anyway?,(1998),"Drew Carey, Colin Mochrie",8.5,"https://m.media-amazon.com/images/M/MV5BYmJjMTVhYjQtMjBmMC00NWYxLTk2YmEtYWIxZDUzYjljZTYxXkEyXkFqcGdeQXVyNTA4NzY1MzY@._V1_UY67_CR0,0,45,67_AL_.jpg",/title/tt0163507/?pf_rd_m=A2FGELUUNOQJNL&pf_rd_p=12230b0e-0e00-43ed-9e59-8d5353703cce&pf_rd_r=843TAJFVZW5N5QCWQMQ1&pf_rd_s=center-1&pf_rd_t=15506&pf_rd_i=toptv&ref_=chttvtp_tt_245
246,Big Little Lies,(2017),"Reese Witherspoon, Nicole Kidman",8.5,"https://m.media-amazon.com/images/M/MV5BZmNjYzdjN2ItOTBlNy00Mjc0LWE4YmMtYTQ4ZjQzNTMyNDc4XkEyXkFqcGdeQXVyMTkxNjUyNQ@@._V1_UY67_CR0,0,45,67_AL_.jpg",/title/tt3920596/?pf_rd_m=A2FGELUUNOQJNL&pf_rd_p=12230b0e-0e00-43ed-9e59-8d5353703cce&pf_rd_r=843TAJFVZW5N5QCWQMQ1&pf_rd_s=center-1&pf_rd_t=15506&pf_rd_i=toptv&ref_=chttvtp_tt_246
247,Erased,(2016),"Ben Diskin, Shinnosuke Mitsushima",8.5,"https://m.media-amazon.com/images/M/MV5BNDFmYjRkZWYtNjgyZS00YTY5LWIyMmQtZTI0OGRiOGM5NGY3L2ltYWdlL2ltYWdlXkEyXkFqcGdeQXVyNTAyODkwOQ@@._V1_UX45_CR0,0,45,67_AL_.jpg",/title/tt5249462/?pf_rd_m=A2FGELUUNOQJNL&pf_rd_p=12230b0e-0e00-43ed-9e59-8d5353703cce&pf_rd_r=843TAJFVZW5N5QCWQMQ1&pf_rd_s=center-1&pf_rd_t=15506&pf_rd_i=toptv&ref_=chttvtp_tt_247
248,Samurai Jack,(2001),"Phil LaMarr, Mako",8.5,"https://m.media-amazon.com/images/M/MV5BZWQ2MDNiNTItYmM3ZS00MmI4LWFlMDQtOGVhYzlhZmZkNzI0L2ltYWdlXkEyXkFqcGdeQXVyNTAyODkwOQ@@._V1_UX45_CR0,0,45,67_AL_.jpg",/title/tt0278238/?pf_rd_m=A2FGELUUNOQJNL&pf_rd_p=12230b0e-0e00-43ed-9e59-8d5353703cce&pf_rd_r=843TAJFVZW5N5QCWQMQ1&pf_rd_s=center-1&pf_rd_t=15506&pf_rd_i=toptv&ref_=chttvtp_tt_248
249,The Expanse,(2015),"Wes Chatham, Dominique Tipper",8.5,"https://m.media-amazon.com/images/M/MV5BMjM4ZTVkODctNGZhNC00NWY5LWJkMjEtYmI1ZDg2Yjg2NDQzXkEyXkFqcGdeQXVyNjcyNjcyMzQ@._V1_UY67_CR0,0,45,67_AL_.jpg",/title/tt3230854/?pf_rd_m=A2FGELUUNOQJNL&pf_rd_p=12230b0e-0e00-43ed-9e59-8d5353703cce&pf_rd_r=843TAJFVZW5N5QCWQMQ1&pf_rd_s=center-1&pf_rd_t=15506&pf_rd_i=toptv&ref_=chttvtp_tt_249
250,Delhi Crime,(2019),"Shefali Shah, Rajesh Tailang",8.5,"https://m.media-amazon.com/images/M/MV5BODg1MTYyZjYtMzJhZi00ZjI3LWI3MTItZTFhZDNhZmYwMjYwXkEyXkFqcGdeQXVyODE5NzE3OTE@._V1_UY67_CR0,0,45,67_AL_.jpg",/title/tt9398466/?pf_rd_m=A2FGELUUNOQJNL&pf_rd_p=12230b0e-0e00-43ed-9e59-8d5353703cce&pf_rd_r=843TAJFVZW5N5QCWQMQ1&pf_rd_s=center-1&pf_rd_t=15506&pf_rd_i=toptv&ref_=chttvtp_tt_250
